epoch,step,train/alpha_effective,train/closure_ratio,train/dir_trace,train/edge_trace_sum,train/leaf_trace,train/loss,train/whitening,val/alpha_effective,val/closure_defect_frobenius,val/closure_ratio,val/dir_trace,val/edge_trace_sum,val/leaf_trace,val/loss,val/whitening,val_score
0,116,0.20000013709068298,1.3620914220809937,11.517632484436035,54.252105712890625,18.886873245239258,133.11598205566406,0.023145483806729317,,,,,,,,,
1,233,0.20000013709068298,1.4305713176727295,10.205142974853516,46.5422477722168,18.56915283203125,145.05364990234375,0.023282699286937714,,,,,,,,,
2,350,0.20000013709068298,1.4085043668746948,9.20595645904541,41.00190353393555,18.102230072021484,144.8032989501953,0.023339523002505302,,,,,,,,,
3,467,0.20000013709068298,1.3271214962005615,8.339081764221191,37.96976852416992,17.84000587463379,136.121826171875,0.023346692323684692,,,,,,,,,
4,584,0.20000013709068298,1.2155513763427734,7.722900867462158,36.15162658691406,17.758676528930664,122.90204620361328,0.023337598890066147,,,,,,,,,
5,701,0.20000013709068298,1.0447773933410645,7.111239910125732,34.0494384765625,17.451311111450195,102.38236999511719,0.023300161585211754,,,,,,,,,
6,818,0.20000013709068298,0.6743662357330322,6.6487717628479,27.285221099853516,17.11869239807129,57.117774963378906,0.023419708013534546,,,,,,,,,
7,935,0.20000013709068298,0.3733544945716858,6.3773322105407715,19.76618194580078,16.958648681640625,20.52801513671875,0.02787223644554615,,,,,,,,,
8,1052,0.20000013709068298,0.25987663865089417,6.217413902282715,17.60460662841797,16.097341537475586,7.568110466003418,0.13957935571670532,,,,,,,,,
9,1169,,,,,,,,0.19999991357326508,1.7162195444107056,0.24644286930561066,7.338317394256592,22.452800750732422,22.420734405517578,-2.649893045425415,0.055033739656209946,2.649893045425415
9,1169,0.20000013709068298,0.21702711284160614,6.69456148147583,18.796581268310547,19.74673080444336,-2.276195764541626,0.14494110643863678,,,,,,,,,
10,1286,0.20000013709068298,0.20872968435287476,7.925546646118164,23.377777099609375,24.531909942626953,-10.343273162841797,0.07234451174736023,,,,,,,,,
11,1403,0.20000013709068298,0.20618781447410583,9.30919075012207,27.238454818725586,29.23281478881836,-17.54275131225586,0.05491173639893532,,,,,,,,,
12,1520,0.20000013709068298,0.2183002531528473,10.901850700378418,32.12427520751953,35.56581115722656,-24.891284942626953,0.058798279613256454,,,,,,,,,
13,1637,0.20000013709068298,0.23654162883758545,12.497611999511719,36.828033447265625,42.79576873779297,-32.302764892578125,0.07889867573976517,,,,,,,,,
14,1754,0.20000013709068298,0.2493823915719986,14.393372535705566,41.98468017578125,49.18689727783203,-39.956539154052734,0.09970824420452118,,,,,,,,,
15,1871,0.20000013709068298,0.26171937584877014,16.999019622802734,46.70478439331055,53.75416564941406,-46.4753303527832,0.1187317743897438,,,,,,,,,
16,1988,0.20000013709068298,0.2785201966762543,20.594587326049805,52.360225677490234,57.08749008178711,-52.38481521606445,0.11870862543582916,,,,,,,,,
17,2105,0.20000013709068298,0.29572850465774536,25.582592010498047,59.99130630493164,59.90108871459961,-59.514442443847656,0.11425691097974777,,,,,,,,,
18,2222,0.20000013709068298,0.31747227907180786,30.881563186645508,69.50908660888672,62.224918365478516,-66.25752258300781,0.1143147200345993,,,,,,,,,
19,2339,,,,,,,,0.19999991357326508,3.8654141426086426,0.3598649501800537,37.93400955200195,84.2289810180664,64.191650390625,-72.81307220458984,0.0956578403711319,72.81307220458984
19,2339,0.20000013709068298,0.33356404304504395,35.975677490234375,79.70455932617188,64.13150787353516,-73.24604034423828,0.10583680123090744,,,,,,,,,
20,2456,0.20000013709068298,0.345873087644577,40.70470428466797,91.62390899658203,65.8886947631836,-80.54598236083984,0.10044166445732117,,,,,,,,,
21,2573,0.20000013709068298,0.3479047417640686,44.346412658691406,100.94676971435547,67.39086151123047,-87.30083465576172,0.09399890154600143,,,,,,,,,
22,2690,0.20000013709068298,0.34955155849456787,47.33289337158203,108.88871002197266,68.47045135498047,-92.74925994873047,0.08921509981155396,,,,,,,,,
23,2807,0.20000013709068298,0.3507886826992035,50.07389450073242,115.96724700927734,69.60370635986328,-97.88604736328125,0.08406054973602295,,,,,,,,,
24,2924,0.20000013709068298,0.34794700145721436,52.544490814208984,122.78363037109375,70.65152740478516,-103.13360595703125,0.08191262930631638,,,,,,,,,
25,3041,0.20000013709068298,0.3459220826625824,54.608299255371094,128.6775665283203,71.51665496826172,-107.50497436523438,0.0774398222565651,,,,,,,,,
26,3158,0.20000013709068298,0.34367480874061584,56.55604553222656,133.81573486328125,72.32075500488281,-111.57487487792969,0.07468721270561218,,,,,,,,,
27,3275,0.20000013709068298,0.3421834707260132,58.247291564941406,138.75050354003906,72.98763275146484,-115.11297607421875,0.07256636768579483,,,,,,,,,
28,3392,0.20000013709068298,0.3392791748046875,59.87734603881836,143.41749572753906,73.78849029541016,-118.84992980957031,0.07168108969926834,,,,,,,,,
29,3509,,,,,,,,0.19999991357326508,4.216965675354004,0.3716960847377777,59.03037643432617,146.17202758789062,72.74022674560547,-113.3595962524414,0.06830880790948868,113.3595962524414
29,3509,0.20000013709068298,0.3348766267299652,61.222755432128906,147.21786499023438,74.36046600341797,-122.09516143798828,0.06743115186691284,,,,,,,,,
30,3626,0.20000013709068298,0.3337896764278412,62.515899658203125,150.0310516357422,75.05070495605469,-124.78250885009766,0.06524574011564255,,,,,,,,,
31,3743,0.20000013709068298,0.32689982652664185,63.63544845581055,153.87234497070312,75.57054901123047,-128.07354736328125,0.06376922875642776,,,,,,,,,
32,3860,0.20000013709068298,0.3220520615577698,64.61551666259766,156.8621826171875,76.00687408447266,-130.71063232421875,0.06155434623360634,,,,,,,,,
33,3977,0.20000013709068298,0.31858906149864197,65.53385162353516,159.396728515625,76.54859161376953,-133.12266540527344,0.05974721908569336,,,,,,,,,
34,4094,0.20000013709068298,0.3158549666404724,66.35163116455078,161.85519409179688,76.91224670410156,-135.14697265625,0.05852261185646057,,,,,,,,,
35,4211,0.20000013709068298,0.31279924511909485,67.1752700805664,164.1974334716797,77.34040832519531,-137.2604522705078,0.05641810968518257,,,,,,,,,
36,4328,0.20000013709068298,0.3093372583389282,67.81523895263672,166.17333984375,77.67399597167969,-139.07412719726562,0.05464186146855354,,,,,,,,,
37,4445,0.20000013709068298,0.3055392801761627,68.4163589477539,167.72959899902344,78.01370239257812,-140.8136749267578,0.05329698324203491,,,,,,,,,
38,4562,0.20000013709068298,0.30366089940071106,68.9886474609375,168.8149871826172,78.39803314208984,-142.22975158691406,0.05136426165699959,,,,,,,,,
39,4679,,,,,,,,0.19999991357326508,4.2309346199035645,0.3374549150466919,66.15521240234375,167.14495849609375,76.65277862548828,-132.9925079345703,0.05026169866323471,132.9925079345703
39,4679,0.20000013709068298,0.29957813024520874,69.59697723388672,170.4835662841797,78.77427673339844,-144.0717315673828,0.05024014040827751,,,,,,,,,
40,4796,0.20000013709068298,0.30028554797172546,70.04808044433594,171.31167602539062,79.0643539428711,-144.88973999023438,0.04848239943385124,,,,,,,,,
41,4913,0.20000013709068298,0.29528456926345825,70.51233673095703,172.2717742919922,79.30943298339844,-146.43228149414062,0.0474424846470356,,,,,,,,,
42,5030,0.20000013709068298,0.29184800386428833,70.99806213378906,173.63926696777344,79.65335083007812,-147.97586059570312,0.04686787724494934,,,,,,,,,
43,5147,0.20000013709068298,0.2897103726863861,71.3587875366211,174.94407653808594,79.85368347167969,-149.0724639892578,0.04587865620851517,,,,,,,,,
44,5264,0.20000013709068298,0.28635847568511963,71.77562713623047,175.90667724609375,80.18560791015625,-150.44374084472656,0.044980477541685104,,,,,,,,,
45,5381,0.20000013709068298,0.28106868267059326,72.2469482421875,176.81793212890625,80.527587890625,-152.1168975830078,0.04437374323606491,,,,,,,,,
46,5498,0.20000013709068298,0.27971169352531433,72.41897583007812,177.59210205078125,80.61831665039062,-152.70941162109375,0.0431395024061203,,,,,,,,,
47,5615,0.20000013709068298,0.2770625054836273,72.85713958740234,178.45509338378906,81.005859375,-154.0477294921875,0.042297545820474625,,,,,,,,,
48,5732,0.20000013709068298,0.2750281095504761,73.1393814086914,179.1358184814453,81.23822784423828,-154.9595184326172,0.04161806032061577,,,,,,,,,
49,5849,,,,,,,,0.19999991357326508,4.182380676269531,0.3098621964454651,69.77021026611328,175.32630920410156,79.55644226074219,-144.68887329101562,0.040664464235305786,144.68887329101562
49,5849,0.20000013709068298,0.27142032980918884,73.4906997680664,179.66444396972656,81.46485900878906,-156.10610961914062,0.04057566821575165,,,,,,,,,
50,5966,0.20000013709068298,0.27457013726234436,73.72303771972656,180.03277587890625,81.7049331665039,-156.24954223632812,0.040029656141996384,,,,,,,,,
51,6083,0.20000013709068298,0.2697976529598236,73.94465637207031,180.66470336914062,81.8720703125,-157.37612915039062,0.03945373743772507,,,,,,,,,
52,6200,0.20000013709068298,0.26514095067977905,74.30412292480469,181.26422119140625,82.13958740234375,-158.7195587158203,0.038994211703538895,,,,,,,,,
53,6317,0.20000013709068298,0.26387661695480347,74.50879669189453,181.83274841308594,82.32125091552734,-159.382080078125,0.03828631341457367,,,,,,,,,
54,6434,0.20000013709068298,0.2613973915576935,74.81100463867188,182.216552734375,82.58939361572266,-160.34725952148438,0.03750787675380707,,,,,,,,,
55,6551,0.20000013709068298,0.2594640851020813,75.05059814453125,182.81576538085938,82.7733154296875,-161.13877868652344,0.03691546618938446,,,,,,,,,
56,6668,0.20000013709068298,0.2588435113430023,75.18621826171875,182.9375457763672,82.91761016845703,-161.52267456054688,0.03671770542860031,,,,,,,,,
57,6785,0.20000013709068298,0.2558426260948181,75.39691162109375,183.48782348632812,83.04948425292969,-162.3599395751953,0.03616560250520706,,,,,,,,,
58,6902,0.20000013709068298,0.25470757484436035,75.65052795410156,184.00338745117188,83.28905487060547,-163.10214233398438,0.03558613732457161,,,,,,,,,
59,7019,,,,,,,,0.19999991357326508,4.1363115310668945,0.3036821782588959,70.56143951416016,178.14492797851562,80.56273651123047,-147.8472900390625,0.034538041800260544,147.8472900390625
59,7019,0.20000013709068298,0.25268200039863586,75.9159927368164,184.1116943359375,83.50789642333984,-163.8678436279297,0.035142045468091965,,,,,,,,,
60,7136,0.20000013709068298,0.25616341829299927,76.11408996582031,184.4749298095703,83.65880584716797,-163.84445190429688,0.034570980817079544,,,,,,,,,
61,7253,0.20000013709068298,0.25039440393447876,76.31102752685547,184.8359832763672,83.84217071533203,-165.03602600097656,0.03391062095761299,,,,,,,,,
62,7370,0.20000013709068298,0.2476598471403122,76.4778060913086,185.21453857421875,84.02696990966797,-165.813720703125,0.03351268544793129,,,,,,,,,
63,7487,0.20000013709068298,0.24563123285770416,76.65435028076172,185.60098266601562,84.12185668945312,-166.42234802246094,0.03321833908557892,,,,,,,,,
64,7604,0.20000013709068298,0.24416622519493103,76.91838836669922,185.9716033935547,84.32295989990234,-167.14947509765625,0.032901789993047714,,,,,,,,,
65,7721,0.20000013709068298,0.24336005747318268,77.09110260009766,186.3025360107422,84.52391052246094,-167.69288635253906,0.03256240487098694,,,,,,,,,
66,7838,0.20000013709068298,0.2414245754480362,77.28056335449219,186.6240692138672,84.66824340820312,-168.33901977539062,0.03229319676756859,,,,,,,,,
67,7955,0.20000013709068298,0.2395995706319809,77.42676544189453,186.9469451904297,84.78963470458984,-168.9053192138672,0.03176061064004898,,,,,,,,,
68,8072,0.20000013709068298,0.23800410330295563,77.64701080322266,187.16737365722656,84.99186706542969,-169.57672119140625,0.03115432895720005,,,,,,,,,
69,8189,,,,,,,,0.19999991357326508,4.118053436279297,0.2858225703239441,72.38628387451172,181.84176635742188,82.12052154541016,-154.2570037841797,0.032827604562044144,154.2570037841797
69,8189,0.20000013709068298,0.23757651448249817,77.77281951904297,187.4191131591797,85.09032440185547,-169.9063262939453,0.030855581164360046,,,,,,,,,
70,8306,0.20000013709068298,0.2422478348016739,77.90349578857422,187.45277404785156,85.20159912109375,-169.5572967529297,0.030672619119286537,,,,,,,,,
71,8423,0.20000013709068298,0.2370428740978241,78.14264678955078,187.763427734375,85.44380950927734,-170.76730346679688,0.03033982217311859,,,,,,,,,
72,8540,0.20000013709068298,0.23429031670093536,78.17881774902344,187.87559509277344,85.41531372070312,-171.15016174316406,0.02997516095638275,,,,,,,,,
73,8657,0.20000013709068298,0.23274224996566772,78.61268615722656,188.56150817871094,85.85942840576172,-172.36378479003906,0.02966417744755745,,,,,,,,,
74,8774,0.20000013709068298,0.23078776895999908,78.59458923339844,188.64910888671875,85.82483673095703,-172.57901000976562,0.029432374984025955,,,,,,,,,
75,8891,0.20000013709068298,0.22932586073875427,78.9270248413086,189.03733825683594,86.16193389892578,-173.51345825195312,0.029219593852758408,,,,,,,,,
76,9008,0.20000013709068298,0.2284603863954544,78.9740982055664,189.12901306152344,86.169677734375,-173.6976776123047,0.029007701203227043,,,,,,,,,
77,9125,0.20000013709068298,0.22802890837192535,79.10991668701172,189.3512725830078,86.272705078125,-174.03659057617188,0.02857328951358795,,,,,,,,,
78,9242,0.20000013709068298,0.22587506473064423,79.4111099243164,189.70399475097656,86.52732849121094,-174.93894958496094,0.028251079842448235,,,,,,,,,
79,9359,,,,,,,,0.19999991357326508,4.072747707366943,0.2733566164970398,73.4834213256836,184.0071563720703,83.13451385498047,-158.40042114257812,0.029300212860107422,158.40042114257812
79,9359,0.20000013709068298,0.22583860158920288,79.37330627441406,189.86878967285156,86.5157241821289,-174.9275360107422,0.027877917513251305,,,,,,,,,
80,9476,0.20000013709068298,0.22884859144687653,79.51339721679688,189.86688232421875,86.62083435058594,-174.78741455078125,0.02752724103629589,,,,,,,,,
81,9593,0.20000013709068298,0.2238570600748062,79.72734832763672,190.10923767089844,86.80155944824219,-175.86978149414062,0.027242304757237434,,,,,,,,,
82,9710,0.20000013709068298,0.22181539237499237,79.88111877441406,190.34031677246094,86.95235443115234,-176.4821014404297,0.027015186846256256,,,,,,,,,
83,9827,0.20000013709068298,0.22061225771903992,79.9945068359375,190.65716552734375,87.04527282714844,-176.90603637695312,0.026818472892045975,,,,,,,,,
84,9944,0.20000013709068298,0.21998542547225952,80.2461929321289,190.98919677734375,87.27886199951172,-177.53823852539062,0.026503246277570724,,,,,,,,,
85,10061,0.20000013709068298,0.21819289028644562,80.27210998535156,191.1234588623047,87.29204559326172,-177.8337860107422,0.02635086514055729,,,,,,,,,
86,10178,0.20000013709068298,0.21752944588661194,80.45535278320312,191.22946166992188,87.46450805664062,-178.29580688476562,0.026262104511260986,,,,,,,,,
87,10295,0.20000013709068298,0.2166157215833664,80.50192260742188,191.47003173828125,87.48955535888672,-178.53280639648438,0.025983400642871857,,,,,,,,,
88,10412,0.20000013709068298,0.21596956253051758,80.59417724609375,191.44729614257812,87.54166412353516,-178.7554473876953,0.025741301476955414,,,,,,,,,
89,10529,,,,,,,,0.19999991357326508,4.062943458557129,0.2715985178947449,74.32931518554688,185.17552185058594,84.2107162475586,-160.7843017578125,0.026198547333478928,160.7843017578125
89,10529,0.20000013709068298,0.2147851288318634,80.79730224609375,191.9091339111328,87.7688217163086,-179.42996215820312,0.025462662801146507,,,,,,,,,
90,10646,0.20000013709068298,0.21873793005943298,81.00689697265625,191.8498992919922,87.97418975830078,-179.32725524902344,0.025308996438980103,,,,,,,,,
91,10763,0.20000013709068298,0.21346470713615417,81.14842224121094,192.32278442382812,88.09217834472656,-180.3565673828125,0.02507619746029377,,,,,,,,,
92,10880,0.20000013709068298,0.21214593946933746,81.23091125488281,192.35699462890625,88.15894317626953,-180.6815948486328,0.025024721398949623,,,,,,,,,
93,10997,0.20000013709068298,0.21030303835868835,81.4102554321289,192.6072235107422,88.29351806640625,-181.2816162109375,0.024857399985194206,,,,,,,,,
94,11114,0.20000013709068298,0.21164384484291077,81.26386260986328,192.44857788085938,88.15853881835938,-180.79701232910156,0.024749448522925377,,,,,,,,,
95,11231,0.20000013709068298,0.20874524116516113,81.45423889160156,192.83224487304688,88.32237243652344,-181.59915161132812,0.024509169161319733,,,,,,,,,
96,11348,0.20000013709068298,0.21002191305160522,81.43758392333984,192.69122314453125,88.3027114868164,-181.371337890625,0.024330854415893555,,,,,,,,,
97,11465,0.20000013709068298,0.2084728181362152,81.7260513305664,192.90814208984375,88.55577850341797,-182.1546630859375,0.02423189766705036,,,,,,,,,
98,11582,0.20000013709068298,0.20744968950748444,81.89713287353516,193.0637969970703,88.73249053955078,-182.6647186279297,0.024095894768834114,,,,,,,,,
99,11699,,,,,,,,0.19999991357326508,4.041380405426025,0.2667749524116516,74.773681640625,186.49420166015625,84.75370025634766,-162.65487670898438,0.0241802129894495,162.65487670898438
99,11699,0.20000013709068298,0.20661185681819916,81.9551010131836,193.39930725097656,88.74761199951172,-182.9124298095703,0.02376164309680462,,,,,,,,,
100,11816,0.20000013709068298,0.21026910841464996,82.07743072509766,193.55250549316406,88.88770294189453,-182.73739624023438,0.02379840798676014,,,,,,,,,
101,11933,0.20000013709068298,0.20502379536628723,82.32536315917969,193.6901397705078,89.10523223876953,-183.90194702148438,0.02360076829791069,,,,,,,,,
102,12050,0.20000013709068298,0.20485472679138184,82.39022064208984,193.6072235107422,89.19103240966797,-184.0579833984375,0.023392552509903908,,,,,,,,,
103,12167,0.20000013709068298,0.20261284708976746,82.49308013916016,193.93675231933594,89.27593994140625,-184.59861755371094,0.02335047535598278,,,,,,,,,
104,12284,0.20000013709068298,0.20199811458587646,82.5635986328125,193.99107360839844,89.29781341552734,-184.7806854248047,0.023194504901766777,,,,,,,,,
105,12401,0.20000013709068298,0.20134669542312622,82.78130340576172,194.18638610839844,89.51048278808594,-185.33355712890625,0.023104479536414146,,,,,,,,,
106,12518,0.20000013709068298,0.2007261961698532,82.84539794921875,194.17950439453125,89.56208801269531,-185.52745056152344,0.023027656599879265,,,,,,,,,
107,12635,0.20000013709068298,0.2006303071975708,82.91211700439453,194.22714233398438,89.62556457519531,-185.67965698242188,0.022787047550082207,,,,,,,,,
108,12752,0.20000013709068298,0.19919969141483307,83.04491424560547,194.6800079345703,89.7330551147461,-186.1937255859375,0.02267683669924736,,,,,,,,,
109,12869,,,,,,,,0.19999991357326508,4.011294841766357,0.26079893112182617,75.2936019897461,187.00791931152344,85.5013656616211,-164.79066467285156,0.023608235642313957,164.79066467285156
109,12869,0.20000013709068298,0.1985108107328415,83.02754974365234,194.71975708007812,89.75369262695312,-186.29312133789062,0.02271631732583046,,,,,,,,,
110,12986,0.20000013709068298,0.2014152854681015,83.20071411132812,194.84628295898438,89.88388061523438,-186.2501220703125,0.022618703544139862,,,,,,,,,
111,13103,0.20000013709068298,0.19868378341197968,83.32101440429688,194.97390747070312,89.98908996582031,-186.85089111328125,0.022488873451948166,,,,,,,,,
112,13220,0.20000013709068298,0.1976379156112671,83.38965606689453,194.88619995117188,90.04219055175781,-187.0890350341797,0.02241094782948494,,,,,,,,,
113,13337,0.20000013709068298,0.19523882865905762,83.57906341552734,195.2481689453125,90.1900863647461,-187.8059539794922,0.02229214459657669,,,,,,,,,
114,13454,0.20000013709068298,0.19404341280460358,83.81517791748047,195.53306579589844,90.4471206665039,-188.5091552734375,0.02218947373330593,,,,,,,,,
115,13571,0.20000013709068298,0.19416601955890656,83.79679107666016,195.5657958984375,90.41704559326172,-188.45162963867188,0.02208816260099411,,,,,,,,,
116,13688,0.20000013709068298,0.19437465071678162,83.78624725341797,195.43934631347656,90.4215316772461,-188.39369201660156,0.022007642313838005,,,,,,,,,
117,13805,0.20000013709068298,0.19215373694896698,83.88856506347656,195.75189208984375,90.50301361083984,-188.92437744140625,0.02188129723072052,,,,,,,,,
118,13922,0.20000013709068298,0.19153442978858948,84.15142822265625,195.93223571777344,90.73043823242188,-189.53005981445312,0.02187017910182476,,,,,,,,,
119,14039,,,,,,,,0.19999991357326508,4.016337871551514,0.25622424483299255,76.01849365234375,188.2421112060547,86.03321838378906,-166.8809814453125,0.022444091737270355,166.8809814453125
119,14039,0.20000013709068298,0.1921311616897583,84.12028503417969,195.90040588378906,90.68081665039062,-189.36651611328125,0.02183607779443264,,,,,,,,,
120,14156,0.20000013709068298,0.19582417607307434,84.21832275390625,195.90089416503906,90.78978729248047,-189.10113525390625,0.021723121404647827,,,,,,,,,
121,14273,0.20000013709068298,0.1905989646911621,84.489501953125,196.21002197265625,91.03656005859375,-190.34979248046875,0.021608158946037292,,,,,,,,,
122,14390,0.20000013709068298,0.19013181328773499,84.50597381591797,196.06500244140625,91.04904174804688,-190.40956115722656,0.021557079628109932,,,,,,,,,
123,14507,0.20000013709068298,0.1881471872329712,84.56963348388672,196.4032745361328,91.0719985961914,-190.81796264648438,0.021497661247849464,,,,,,,,,
124,14624,0.20000013709068298,0.1883486956357956,84.63775634765625,196.39801025390625,91.15169525146484,-190.93896484375,0.021438542753458023,,,,,,,,,
125,14741,0.20000013709068298,0.18787357211112976,84.75672912597656,196.52818298339844,91.27497100830078,-191.2681121826172,0.021363716572523117,,,,,,,,,
126,14858,0.20000013709068298,0.1866401731967926,84.90261840820312,196.79727172851562,91.3940200805664,-191.74481201171875,0.02124631032347679,,,,,,,,,
127,14975,0.20000013709068298,0.18620528280735016,84.88508605957031,196.8863983154297,91.39498138427734,-191.80181884765625,0.02124175988137722,,,,,,,,,
128,15092,0.20000013709068298,0.18507128953933716,85.02793884277344,196.8873291015625,91.53368377685547,-192.22874450683594,0.021201778203248978,,,,,,,,,
129,15209,,,,,,,,0.19999991357326508,3.994821786880493,0.2570970356464386,75.91332244873047,187.91781616210938,86.2280044555664,-166.79454040527344,0.02194790169596672,166.79454040527344
129,15209,0.20000013709068298,0.1860176920890808,85.077392578125,196.80984497070312,91.55363464355469,-192.16159057617188,0.021177174523472786,,,,,,,,,
130,15326,0.20000013709068298,0.1899891346693039,85.25433349609375,196.9183807373047,91.71074676513672,-192.00892639160156,0.021220223978161812,,,,,,,,,
131,15443,0.20000013709068298,0.1862272173166275,85.27252197265625,196.96302795410156,91.72459411621094,-192.531494140625,0.02110421471297741,,,,,,,,,
132,15560,0.20000013709068298,0.18363001942634583,85.42528533935547,197.14865112304688,91.87796783447266,-193.20730590820312,0.02105308137834072,,,,,,,,,
133,15677,0.20000013709068298,0.18364492058753967,85.44818115234375,197.22769165039062,91.90286254882812,-193.26902770996094,0.020993659272789955,,,,,,,,,
134,15794,0.20000013709068298,0.1816631406545639,85.73773956298828,197.4876708984375,92.1671142578125,-194.128662109375,0.020876262336969376,,,,,,,,,
135,15911,0.20000013709068298,0.18151728808879852,85.67790985107422,197.5022430419922,92.10588073730469,-194.02919006347656,0.02086137793958187,,,,,,,,,
136,16028,0.20000013709068298,0.18120940029621124,85.60771942138672,197.69854736328125,92.00281524658203,-193.93455505371094,0.02083170786499977,,,,,,,,,
137,16145,0.20000013709068298,0.18075916171073914,85.87803649902344,197.87123107910156,92.26700592041016,-194.56138610839844,0.02076050080358982,,,,,,,,,
138,16262,0.20000013709068298,0.18009443581104279,86.04118347167969,197.9123992919922,92.43576049804688,-194.9865264892578,0.02078426629304886,,,,,,,,,
139,16379,,,,,,,,0.19999991357326508,3.986999273300171,0.25701162219047546,76.33004760742188,188.6846923828125,86.65042114257812,-167.79861450195312,0.021303324028849602,167.79861450195312
139,16379,0.20000013709068298,0.17946946620941162,86.06473541259766,197.9747772216797,92.42073822021484,-195.08766174316406,0.02066860906779766,,,,,,,,,
140,16496,0.20000013709068298,0.1846979856491089,86.19573974609375,197.9369354248047,92.54031372070312,-194.6614227294922,0.02066688984632492,,,,,,,,,
141,16613,0.20000013709068298,0.1814415454864502,86.25524139404297,198.014404296875,92.58272552490234,-195.19570922851562,0.020627237856388092,,,,,,,,,
142,16730,0.20000013709068298,0.18043899536132812,86.35111999511719,198.0950927734375,92.69088745117188,-195.5442352294922,0.020517660304903984,,,,,,,,,
143,16847,0.20000013709068298,0.17912685871124268,86.61186218261719,198.5299530029297,92.8790512084961,-196.24826049804688,0.020466281101107597,,,,,,,,,
144,16964,0.20000013709068298,0.1785125583410263,86.53836059570312,198.7493438720703,92.8125991821289,-196.23080444335938,0.020406357944011688,,,,,,,,,
145,17081,0.20000013709068298,0.17887790501117706,86.71349334716797,198.80471801757812,92.93338012695312,-196.4910125732422,0.02039087563753128,,,,,,,,,
146,17198,0.20000013709068298,0.17833290994167328,86.79613494873047,199.01417541503906,93.02959442138672,-196.7816162109375,0.020391684025526047,,,,,,,,,
147,17315,0.20000013709068298,0.1769123077392578,87.01100158691406,199.2088623046875,93.20308685302734,-197.3907470703125,0.02038385532796383,,,,,,,,,
148,17432,0.20000013709068298,0.17770732939243317,86.98429870605469,199.14279174804688,93.15220642089844,-197.1981201171875,0.02038554660975933,,,,,,,,,
149,17549,,,,,,,,0.19999991357326508,3.9806487560272217,0.25445303320884705,76.94615936279297,189.65066528320312,87.2194595336914,-169.50509643554688,0.020677980035543442,169.50509643554688
149,17549,0.20000013709068298,0.17644549906253815,87.14482116699219,199.19232177734375,93.30709838867188,-197.68499755859375,0.02035236917436123,,,,,,,,,
150,17666,0.20000013709068298,0.18141761422157288,87.26287078857422,199.31591796875,93.41158294677734,-197.29576110839844,0.020411234349012375,,,,,,,,,
151,17783,0.20000013709068298,0.17654529213905334,87.35870361328125,199.5066680908203,93.5272216796875,-198.1690216064453,0.02036147378385067,,,,,,,,,
152,17900,0.20000013709068298,0.17676222324371338,87.35946655273438,199.44178771972656,93.48406982421875,-198.08599853515625,0.020329395309090614,,,,,,,,,
153,18017,0.20000013709068298,0.17600153386592865,87.38683319091797,199.41819763183594,93.47404479980469,-198.19607543945312,0.020291127264499664,,,,,,,,,
154,18134,0.20000013709068298,0.17516395449638367,87.44190979003906,199.64285278320312,93.53767395019531,-198.46682739257812,0.020328789949417114,,,,,,,,,
155,18251,0.20000013709068298,0.17471162974834442,87.5923843383789,199.8884735107422,93.67267608642578,-198.85934448242188,0.020352356135845184,,,,,,,,,
156,18368,0.20000013709068298,0.17225854098796844,87.82002258300781,200.1114044189453,93.85978698730469,-199.63270568847656,0.0203415397554636,,,,,,,,,
157,18485,0.20000013709068298,0.17212608456611633,87.93948364257812,200.02804565429688,93.97457885742188,-199.8672332763672,0.020311269909143448,,,,,,,,,
158,18602,0.20000013709068298,0.17304231226444244,87.84927368164062,200.0502471923828,93.88341522216797,-199.57298278808594,0.02031019888818264,,,,,,,,,
159,18719,,,,,,,,0.19999991357326508,3.978874921798706,0.2528668940067291,77.15216827392578,190.02793884277344,87.42163848876953,-170.1918182373047,0.02062724530696869,170.1918182373047
159,18719,0.20000013709068298,0.172443225979805,87.77391052246094,199.92324829101562,93.81895446777344,-199.4844970703125,0.02032104693353176,,,,,,,,,
160,18836,0.20000013709068298,0.1772279441356659,87.91720581054688,200.094970703125,93.93379974365234,-199.16441345214844,0.020402438938617706,,,,,,,,,
161,18953,0.20000013709068298,0.17323221266269684,87.96964263916016,200.2250213623047,93.99932098388672,-199.81983947753906,0.020371461287140846,,,,,,,,,
162,19070,0.20000013709068298,0.17105379700660706,88.01565551757812,200.29119873046875,94.03720092773438,-200.19586181640625,0.020329244434833527,,,,,,,,,
163,19187,0.20000013709068298,0.17052581906318665,88.10842895507812,200.38543701171875,94.09827423095703,-200.4362335205078,0.02031542919576168,,,,,,,,,
164,19304,0.20000013709068298,0.17028561234474182,88.2178955078125,200.51101684570312,94.19788360595703,-200.70115661621094,0.020319366827607155,,,,,,,,,
165,19421,0.20000013709068298,0.17043332755565643,88.18031311035156,200.28787231445312,94.1471939086914,-200.54930114746094,0.020324546843767166,,,,,,,,,
166,19538,0.20000013709068298,0.16992147266864777,88.3768539428711,200.56546020507812,94.29928588867188,-201.0189971923828,0.020346611738204956,,,,,,,,,
167,19655,0.20000013709068298,0.1689164638519287,88.37505340576172,200.7753448486328,94.29033660888672,-201.17874145507812,0.02034088224172592,,,,,,,,,
168,19772,0.20000013709068298,0.16915522515773773,88.27388000488281,200.5674285888672,94.20478820800781,-200.919921875,0.02036319114267826,,,,,,,,,
169,19889,,,,,,,,0.19999991357326508,3.9592669010162354,0.25158610939979553,77.33274841308594,190.28848266601562,87.63862609863281,-170.80555725097656,0.020489031448960304,170.80555725097656
169,19889,0.20000013709068298,0.16912499070167542,88.34845733642578,200.4847869873047,94.25376892089844,-201.0308380126953,0.020338956266641617,,,,,,,,,
170,20006,0.20000013709068298,0.17385467886924744,88.46324920654297,200.60792541503906,94.41449737548828,-200.72560119628906,0.020339829847216606,,,,,,,,,
171,20123,0.20000013709068298,0.1700475811958313,88.44486999511719,200.5883026123047,94.37596893310547,-201.15203857421875,0.02033931389451027,,,,,,,,,
172,20240,0.20000013709068298,0.168605774641037,88.58683013916016,200.87249755859375,94.48680114746094,-201.64620971679688,0.020334092900156975,,,,,,,,,
173,20357,0.20000013709068298,0.168061301112175,88.63837432861328,200.61891174316406,94.56523895263672,-201.7952423095703,0.020334821194410324,,,,,,,,,
174,20474,0.20000013709068298,0.16777263581752777,88.65772247314453,200.8688201904297,94.54534912109375,-201.88157653808594,0.020321074873209,,,,,,,,,
175,20591,0.20000013709068298,0.16672995686531067,88.64541625976562,201.02488708496094,94.53034973144531,-202.0189971923828,0.020334715023636818,,,,,,,,,
176,20708,0.20000013709068298,0.1677771359682083,88.73225402832031,200.96807861328125,94.61904907226562,-202.04910278320312,0.020330673083662987,,,,,,,,,
177,20825,0.20000013709068298,0.16592438519001007,88.78577423095703,201.13671875,94.6629867553711,-202.4174346923828,0.020313002169132233,,,,,,,,,
178,20942,0.20000013709068298,0.16661286354064941,88.8685531616211,201.06204223632812,94.72460174560547,-202.45875549316406,0.02032019942998886,,,,,,,,,
179,21059,,,,,,,,0.19999991357326508,3.9538979530334473,0.2510242462158203,77.35631561279297,190.30787658691406,87.75112915039062,-171.01736450195312,0.020569657906889915,171.01736450195312
179,21059,0.20000013709068298,0.16628910601139069,88.85374450683594,201.04090881347656,94.73441314697266,-202.49105834960938,0.020345691591501236,,,,,,,,,
180,21176,0.20000013709068298,0.1721409112215042,88.86331176757812,201.07362365722656,94.72892761230469,-201.7525634765625,0.020351069048047066,,,,,,,,,
181,21293,0.20000013709068298,0.1669389009475708,88.94766998291016,201.0477294921875,94.80567932128906,-202.57437133789062,0.02036427892744541,,,,,,,,,
182,21410,0.20000013709068298,0.1670537292957306,88.95684051513672,200.95933532714844,94.82681274414062,-202.57229614257812,0.0203408133238554,,,,,,,,,
183,21527,0.20000013709068298,0.16561788320541382,88.93253326416016,201.10081481933594,94.78619384765625,-202.719482421875,0.02033345401287079,,,,,,,,,
184,21644,0.20000013709068298,0.1665797084569931,88.9149398803711,200.93763732910156,94.76693725585938,-202.52691650390625,0.020368248224258423,,,,,,,,,
185,21761,0.20000013709068298,0.16552677750587463,88.94925689697266,201.12486267089844,94.77415466308594,-202.74066162109375,0.020343279466032982,,,,,,,,,
186,21878,0.20000013709068298,0.165254145860672,88.95835876464844,201.0598602294922,94.77326965332031,-202.77073669433594,0.020342741161584854,,,,,,,,,
187,21995,0.20000013709068298,0.16495506465435028,89.09626007080078,201.23646545410156,94.91087341308594,-203.11985778808594,0.020345022901892662,,,,,,,,,
188,22112,0.20000013709068298,0.16410046815872192,89.11286163330078,201.40528869628906,94.95892333984375,-203.32762145996094,0.020346416160464287,,,,,,,,,
189,22229,,,,,,,,0.19999991357326508,3.945793390274048,0.25018683075904846,77.46688079833984,190.4086456298828,87.87606048583984,-171.38027954101562,0.02051209658384323,171.38027954101562
189,22229,0.20000013709068298,0.16468943655490875,88.99935913085938,201.21507263183594,94.80914306640625,-202.950927734375,0.02033708058297634,,,,,,,,,
190,22346,0.20000013709068298,0.16908979415893555,89.01862335205078,201.37646484375,94.85798645019531,-202.488037109375,0.0203473549336195,,,,,,,,,
191,22463,0.20000013709068298,0.16534757614135742,89.0074691772461,201.43191528320312,94.83082580566406,-202.93983459472656,0.020363863557577133,,,,,,,,,
192,22580,0.20000013709068298,0.16516827046871185,89.09822082519531,201.17405700683594,94.91775512695312,-203.08889770507812,0.02033011056482792,,,,,,,,,
193,22697,0.20000013709068298,0.1644333153963089,89.11541748046875,201.2320556640625,94.9375228881836,-203.2314910888672,0.02034638077020645,,,,,,,,,
194,22814,0.20000013709068298,0.16490688920021057,89.07279205322266,201.22610473632812,94.88638305664062,-203.07595825195312,0.020362209528684616,,,,,,,,,
195,22931,0.20000013709068298,0.1640671044588089,89.16226196289062,201.26809692382812,94.97663879394531,-203.37161254882812,0.02033325657248497,,,,,,,,,
196,23048,0.20000013709068298,0.16471876204013824,89.12250518798828,201.1665496826172,94.93663787841797,-203.18801879882812,0.020345794036984444,,,,,,,,,
197,23165,0.20000013709068298,0.16456641256809235,89.08436584472656,201.31787109375,94.90005493164062,-203.16311645507812,0.020356863737106323,,,,,,,,,
198,23282,0.20000013709068298,0.1649109274148941,89.0838394165039,201.12020874023438,94.91400146484375,-203.093017578125,0.02034696377813816,,,,,,,,,
199,23399,,,,,,,,0.19999991357326508,3.946254014968872,0.2503252327442169,77.49080657958984,190.44650268554688,87.8907241821289,-171.40869140625,0.020509904250502586,171.40869140625
199,23399,0.20000013709068298,0.1640591025352478,89.16232299804688,201.4658966064453,94.95764923095703,-203.3932647705078,0.020369738340377808,,,,,,,,,
