run_id,name,dataset,suite,corruption,family,severity,accuracy
20260807-043056_cifar10-2view-5epoch-cifar10c-workers0,cifar10-2view-5epoch-cifar10c-workers0,cifar10,cifar10-c,brightness,,1,0.5914
20260807-043056_cifar10-2view-5epoch-cifar10c-workers0,cifar10-2view-5epoch-cifar10c-workers0,cifar10,cifar10-c,brightness,,2,0.5855
20260807-043056_cifar10-2view-5epoch-cifar10c-workers0,cifar10-2view-5epoch-cifar10c-workers0,cifar10,cifar10-c,brightness,,3,0.5755
20260807-043056_cifar10-2view-5epoch-cifar10c-workers0,cifar10-2view-5epoch-cifar10c-workers0,cifar10,cifar10-c,brightness,,4,0.5589
20260807-043056_cifar10-2view-5epoch-cifar10c-workers0,cifar10-2view-5epoch-cifar10c-workers0,cifar10,cifar10-c,brightness,,5,0.5188
20260807-043056_cifar10-2view-5epoch-cifar10c-workers0,cifar10-2view-5epoch-cifar10c-workers0,cifar10,cifar10-c,contrast,,1,0.5766
20260807-043056_cifar10-2view-5epoch-cifar10c-workers0,cifar10-2view-5epoch-cifar10c-workers0,cifar10,cifar10-c,contrast,,2,0.4954
20260807-043056_cifar10-2view-5epoch-cifar10c-workers0,cifar10-2view-5epoch-cifar10c-workers0,cifar10,cifar10-c,contrast,,3,0.4216
20260807-043056_cifar10-2view-5epoch-cifar10c-workers0,cifar10-2view-5epoch-cifar10c-workers0,cifar10,cifar10-c,contrast,,4,0.3356
20260807-043056_cifar10-2view-5epoch-cifar10c-workers0,cifar10-2view-5epoch-cifar10c-workers0,cifar10,cifar10-c,contrast,,5,0.2157
20260807-043056_cifar10-2view-5epoch-cifar10c-workers0,cifar10-2view-5epoch-cifar10c-workers0,cifar10,cifar10-c,defocus_blur,,1,0.5888
20260807-043056_cifar10-2view-5epoch-cifar10c-workers0,cifar10-2view-5epoch-cifar10c-workers0,cifar10,cifar10-c,defocus_blur,,2,0.583
20260807-043056_cifar10-2view-5epoch-cifar10c-workers0,cifar10-2view-5epoch-cifar10c-workers0,cifar10,cifar10-c,defocus_blur,,3,0.576
20260807-043056_cifar10-2view-5epoch-cifar10c-workers0,cifar10-2view-5epoch-cifar10c-workers0,cifar10,cifar10-c,defocus_blur,,4,0.5656
20260807-043056_cifar10-2view-5epoch-cifar10c-workers0,cifar10-2view-5epoch-cifar10c-workers0,cifar10,cifar10-c,defocus_blur,,5,0.5372
20260807-043056_cifar10-2view-5epoch-cifar10c-workers0,cifar10-2view-5epoch-cifar10c-workers0,cifar10,cifar10-c,elastic_transform,,1,0.5588
20260807-043056_cifar10-2view-5epoch-cifar10c-workers0,cifar10-2view-5epoch-cifar10c-workers0,cifar10,cifar10-c,elastic_transform,,2,0.5592
20260807-043056_cifar10-2view-5epoch-cifar10c-workers0,cifar10-2view-5epoch-cifar10c-workers0,cifar10,cifar10-c,elastic_transform,,3,0.557
20260807-043056_cifar10-2view-5epoch-cifar10c-workers0,cifar10-2view-5epoch-cifar10c-workers0,cifar10,cifar10-c,elastic_transform,,4,0.5467
20260807-043056_cifar10-2view-5epoch-cifar10c-workers0,cifar10-2view-5epoch-cifar10c-workers0,cifar10,cifar10-c,elastic_transform,,5,0.5454
20260807-043056_cifar10-2view-5epoch-cifar10c-workers0,cifar10-2view-5epoch-cifar10c-workers0,cifar10,cifar10-c,fog,,1,0.5838
20260807-043056_cifar10-2view-5epoch-cifar10c-workers0,cifar10-2view-5epoch-cifar10c-workers0,cifar10,cifar10-c,fog,,2,0.533
20260807-043056_cifar10-2view-5epoch-cifar10c-workers0,cifar10-2view-5epoch-cifar10c-workers0,cifar10,cifar10-c,fog,,3,0.4665
20260807-043056_cifar10-2view-5epoch-cifar10c-workers0,cifar10-2view-5epoch-cifar10c-workers0,cifar10,cifar10-c,fog,,4,0.3922
20260807-043056_cifar10-2view-5epoch-cifar10c-workers0,cifar10-2view-5epoch-cifar10c-workers0,cifar10,cifar10-c,fog,,5,0.2583
20260807-043056_cifar10-2view-5epoch-cifar10c-workers0,cifar10-2view-5epoch-cifar10c-workers0,cifar10,cifar10-c,frost,,1,0.574
20260807-043056_cifar10-2view-5epoch-cifar10c-workers0,cifar10-2view-5epoch-cifar10c-workers0,cifar10,cifar10-c,frost,,2,0.5443
20260807-043056_cifar10-2view-5epoch-cifar10c-workers0,cifar10-2view-5epoch-cifar10c-workers0,cifar10,cifar10-c,frost,,3,0.5104
20260807-043056_cifar10-2view-5epoch-cifar10c-workers0,cifar10-2view-5epoch-cifar10c-workers0,cifar10,cifar10-c,frost,,4,0.5103
20260807-043056_cifar10-2view-5epoch-cifar10c-workers0,cifar10-2view-5epoch-cifar10c-workers0,cifar10,cifar10-c,frost,,5,0.4675
20260807-043056_cifar10-2view-5epoch-cifar10c-workers0,cifar10-2view-5epoch-cifar10c-workers0,cifar10,cifar10-c,gaussian_blur,,1,0.5891
20260807-043056_cifar10-2view-5epoch-cifar10c-workers0,cifar10-2view-5epoch-cifar10c-workers0,cifar10,cifar10-c,gaussian_blur,,2,0.5741
20260807-043056_cifar10-2view-5epoch-cifar10c-workers0,cifar10-2view-5epoch-cifar10c-workers0,cifar10,cifar10-c,gaussian_blur,,3,0.5628
20260807-043056_cifar10-2view-5epoch-cifar10c-workers0,cifar10-2view-5epoch-cifar10c-workers0,cifar10,cifar10-c,gaussian_blur,,4,0.5508
20260807-043056_cifar10-2view-5epoch-cifar10c-workers0,cifar10-2view-5epoch-cifar10c-workers0,cifar10,cifar10-c,gaussian_blur,,5,0.5152
20260807-043056_cifar10-2view-5epoch-cifar10c-workers0,cifar10-2view-5epoch-cifar10c-workers0,cifar10,cifar10-c,gaussian_noise,,1,0.5873
20260807-043056_cifar10-2view-5epoch-cifar10c-workers0,cifar10-2view-5epoch-cifar10c-workers0,cifar10,cifar10-c,gaussian_noise,,2,0.5792
20260807-043056_cifar10-2view-5epoch-cifar10c-workers0,cifar10-2view-5epoch-cifar10c-workers0,cifar10,cifar10-c,gaussian_noise,,3,0.5644
20260807-043056_cifar10-2view-5epoch-cifar10c-workers0,cifar10-2view-5epoch-cifar10c-workers0,cifar10,cifar10-c,gaussian_noise,,4,0.5528
20260807-043056_cifar10-2view-5epoch-cifar10c-workers0,cifar10-2view-5epoch-cifar10c-workers0,cifar10,cifar10-c,gaussian_noise,,5,0.5429
20260807-043056_cifar10-2view-5epoch-cifar10c-workers0,cifar10-2view-5epoch-cifar10c-workers0,cifar10,cifar10-c,glass_blur,,1,0.5751
20260807-043056_cifar10-2view-5epoch-cifar10c-workers0,cifar10-2view-5epoch-cifar10c-workers0,cifar10,cifar10-c,glass_blur,,2,0.5658
20260807-043056_cifar10-2view-5epoch-cifar10c-workers0,cifar10-2view-5epoch-cifar10c-workers0,cifar10,cifar10-c,glass_blur,,3,0.5667
20260807-043056_cifar10-2view-5epoch-cifar10c-workers0,cifar10-2view-5epoch-cifar10c-workers0,cifar10,cifar10-c,glass_blur,,4,0.5356
20260807-043056_cifar10-2view-5epoch-cifar10c-workers0,cifar10-2view-5epoch-cifar10c-workers0,cifar10,cifar10-c,glass_blur,,5,0.5266
20260807-043056_cifar10-2view-5epoch-cifar10c-workers0,cifar10-2view-5epoch-cifar10c-workers0,cifar10,cifar10-c,impulse_noise,,1,0.5816
20260807-043056_cifar10-2view-5epoch-cifar10c-workers0,cifar10-2view-5epoch-cifar10c-workers0,cifar10,cifar10-c,impulse_noise,,2,0.5741
20260807-043056_cifar10-2view-5epoch-cifar10c-workers0,cifar10-2view-5epoch-cifar10c-workers0,cifar10,cifar10-c,impulse_noise,,3,0.5529
20260807-043056_cifar10-2view-5epoch-cifar10c-workers0,cifar10-2view-5epoch-cifar10c-workers0,cifar10,cifar10-c,impulse_noise,,4,0.5104
20260807-043056_cifar10-2view-5epoch-cifar10c-workers0,cifar10-2view-5epoch-cifar10c-workers0,cifar10,cifar10-c,impulse_noise,,5,0.4633
20260807-043056_cifar10-2view-5epoch-cifar10c-workers0,cifar10-2view-5epoch-cifar10c-workers0,cifar10,cifar10-c,jpeg_compression,,1,0.5885
20260807-043056_cifar10-2view-5epoch-cifar10c-workers0,cifar10-2view-5epoch-cifar10c-workers0,cifar10,cifar10-c,jpeg_compression,,2,0.5872
20260807-043056_cifar10-2view-5epoch-cifar10c-workers0,cifar10-2view-5epoch-cifar10c-workers0,cifar10,cifar10-c,jpeg_compression,,3,0.5888
20260807-043056_cifar10-2view-5epoch-cifar10c-workers0,cifar10-2view-5epoch-cifar10c-workers0,cifar10,cifar10-c,jpeg_compression,,4,0.5857
20260807-043056_cifar10-2view-5epoch-cifar10c-workers0,cifar10-2view-5epoch-cifar10c-workers0,cifar10,cifar10-c,jpeg_compression,,5,0.5869
20260807-043056_cifar10-2view-5epoch-cifar10c-workers0,cifar10-2view-5epoch-cifar10c-workers0,cifar10,cifar10-c,motion_blur,,1,0.5762
20260807-043056_cifar10-2view-5epoch-cifar10c-workers0,cifar10-2view-5epoch-cifar10c-workers0,cifar10,cifar10-c,motion_blur,,2,0.5522
20260807-043056_cifar10-2view-5epoch-cifar10c-workers0,cifar10-2view-5epoch-cifar10c-workers0,cifar10,cifar10-c,motion_blur,,3,0.5254
20260807-043056_cifar10-2view-5epoch-cifar10c-workers0,cifar10-2view-5epoch-cifar10c-workers0,cifar10,cifar10-c,motion_blur,,4,0.5291
20260807-043056_cifar10-2view-5epoch-cifar10c-workers0,cifar10-2view-5epoch-cifar10c-workers0,cifar10,cifar10-c,motion_blur,,5,0.4953
20260807-043056_cifar10-2view-5epoch-cifar10c-workers0,cifar10-2view-5epoch-cifar10c-workers0,cifar10,cifar10-c,pixelate,,1,0.5897
20260807-043056_cifar10-2view-5epoch-cifar10c-workers0,cifar10-2view-5epoch-cifar10c-workers0,cifar10,cifar10-c,pixelate,,2,0.5882
20260807-043056_cifar10-2view-5epoch-cifar10c-workers0,cifar10-2view-5epoch-cifar10c-workers0,cifar10,cifar10-c,pixelate,,3,0.5844
20260807-043056_cifar10-2view-5epoch-cifar10c-workers0,cifar10-2view-5epoch-cifar10c-workers0,cifar10,cifar10-c,pixelate,,4,0.5796
20260807-043056_cifar10-2view-5epoch-cifar10c-workers0,cifar10-2view-5epoch-cifar10c-workers0,cifar10,cifar10-c,pixelate,,5,0.5738
20260807-043056_cifar10-2view-5epoch-cifar10c-workers0,cifar10-2view-5epoch-cifar10c-workers0,cifar10,cifar10-c,saturate,,1,0.5729
20260807-043056_cifar10-2view-5epoch-cifar10c-workers0,cifar10-2view-5epoch-cifar10c-workers0,cifar10,cifar10-c,saturate,,2,0.5517
20260807-043056_cifar10-2view-5epoch-cifar10c-workers0,cifar10-2view-5epoch-cifar10c-workers0,cifar10,cifar10-c,saturate,,3,0.5848
20260807-043056_cifar10-2view-5epoch-cifar10c-workers0,cifar10-2view-5epoch-cifar10c-workers0,cifar10,cifar10-c,saturate,,4,0.5483
20260807-043056_cifar10-2view-5epoch-cifar10c-workers0,cifar10-2view-5epoch-cifar10c-workers0,cifar10,cifar10-c,saturate,,5,0.5147
20260807-043056_cifar10-2view-5epoch-cifar10c-workers0,cifar10-2view-5epoch-cifar10c-workers0,cifar10,cifar10-c,shot_noise,,1,0.5921
20260807-043056_cifar10-2view-5epoch-cifar10c-workers0,cifar10-2view-5epoch-cifar10c-workers0,cifar10,cifar10-c,shot_noise,,2,0.5887
20260807-043056_cifar10-2view-5epoch-cifar10c-workers0,cifar10-2view-5epoch-cifar10c-workers0,cifar10,cifar10-c,shot_noise,,3,0.5724
20260807-043056_cifar10-2view-5epoch-cifar10c-workers0,cifar10-2view-5epoch-cifar10c-workers0,cifar10,cifar10-c,shot_noise,,4,0.5602
20260807-043056_cifar10-2view-5epoch-cifar10c-workers0,cifar10-2view-5epoch-cifar10c-workers0,cifar10,cifar10-c,shot_noise,,5,0.5411
20260807-043056_cifar10-2view-5epoch-cifar10c-workers0,cifar10-2view-5epoch-cifar10c-workers0,cifar10,cifar10-c,snow,,1,0.5814
20260807-043056_cifar10-2view-5epoch-cifar10c-workers0,cifar10-2view-5epoch-cifar10c-workers0,cifar10,cifar10-c,snow,,2,0.5583
20260807-043056_cifar10-2view-5epoch-cifar10c-workers0,cifar10-2view-5epoch-cifar10c-workers0,cifar10,cifar10-c,snow,,3,0.5303
20260807-043056_cifar10-2view-5epoch-cifar10c-workers0,cifar10-2view-5epoch-cifar10c-workers0,cifar10,cifar10-c,snow,,4,0.5033
20260807-043056_cifar10-2view-5epoch-cifar10c-workers0,cifar10-2view-5epoch-cifar10c-workers0,cifar10,cifar10-c,snow,,5,0.5092
20260807-043056_cifar10-2view-5epoch-cifar10c-workers0,cifar10-2view-5epoch-cifar10c-workers0,cifar10,cifar10-c,spatter,,1,0.5883
20260807-043056_cifar10-2view-5epoch-cifar10c-workers0,cifar10-2view-5epoch-cifar10c-workers0,cifar10,cifar10-c,spatter,,2,0.5623
20260807-043056_cifar10-2view-5epoch-cifar10c-workers0,cifar10-2view-5epoch-cifar10c-workers0,cifar10,cifar10-c,spatter,,3,0.5167
20260807-043056_cifar10-2view-5epoch-cifar10c-workers0,cifar10-2view-5epoch-cifar10c-workers0,cifar10,cifar10-c,spatter,,4,0.5682
20260807-043056_cifar10-2view-5epoch-cifar10c-workers0,cifar10-2view-5epoch-cifar10c-workers0,cifar10,cifar10-c,spatter,,5,0.5348
20260807-043056_cifar10-2view-5epoch-cifar10c-workers0,cifar10-2view-5epoch-cifar10c-workers0,cifar10,cifar10-c,speckle_noise,,1,0.5899
20260807-043056_cifar10-2view-5epoch-cifar10c-workers0,cifar10-2view-5epoch-cifar10c-workers0,cifar10,cifar10-c,speckle_noise,,2,0.5796
20260807-043056_cifar10-2view-5epoch-cifar10c-workers0,cifar10-2view-5epoch-cifar10c-workers0,cifar10,cifar10-c,speckle_noise,,3,0.5705
20260807-043056_cifar10-2view-5epoch-cifar10c-workers0,cifar10-2view-5epoch-cifar10c-workers0,cifar10,cifar10-c,speckle_noise,,4,0.5488
20260807-043056_cifar10-2view-5epoch-cifar10c-workers0,cifar10-2view-5epoch-cifar10c-workers0,cifar10,cifar10-c,speckle_noise,,5,0.5224
20260807-043056_cifar10-2view-5epoch-cifar10c-workers0,cifar10-2view-5epoch-cifar10c-workers0,cifar10,cifar10-c,zoom_blur,,1,0.5762
20260807-043056_cifar10-2view-5epoch-cifar10c-workers0,cifar10-2view-5epoch-cifar10c-workers0,cifar10,cifar10-c,zoom_blur,,2,0.5761
20260807-043056_cifar10-2view-5epoch-cifar10c-workers0,cifar10-2view-5epoch-cifar10c-workers0,cifar10,cifar10-c,zoom_blur,,3,0.5673
20260807-043056_cifar10-2view-5epoch-cifar10c-workers0,cifar10-2view-5epoch-cifar10c-workers0,cifar10,cifar10-c,zoom_blur,,4,0.5619
20260807-043056_cifar10-2view-5epoch-cifar10c-workers0,cifar10-2view-5epoch-cifar10c-workers0,cifar10,cifar10-c,zoom_blur,,5,0.5467
20260807-045122_cifar100-20epoch-cifar100c,cifar100-20epoch-cifar100c,cifar100,cifar100-c,brightness,,1,0.3664
20260807-045122_cifar100-20epoch-cifar100c,cifar100-20epoch-cifar100c,cifar100,cifar100-c,brightness,,2,0.3579
20260807-045122_cifar100-20epoch-cifar100c,cifar100-20epoch-cifar100c,cifar100,cifar100-c,brightness,,3,0.342
20260807-045122_cifar100-20epoch-cifar100c,cifar100-20epoch-cifar100c,cifar100,cifar100-c,brightness,,4,0.3214
20260807-045122_cifar100-20epoch-cifar100c,cifar100-20epoch-cifar100c,cifar100,cifar100-c,brightness,,5,0.2698
20260807-045122_cifar100-20epoch-cifar100c,cifar100-20epoch-cifar100c,cifar100,cifar100-c,contrast,,1,0.3519
20260807-045122_cifar100-20epoch-cifar100c,cifar100-20epoch-cifar100c,cifar100,cifar100-c,contrast,,2,0.2976
20260807-045122_cifar100-20epoch-cifar100c,cifar100-20epoch-cifar100c,cifar100,cifar100-c,contrast,,3,0.2522
20260807-045122_cifar100-20epoch-cifar100c,cifar100-20epoch-cifar100c,cifar100,cifar100-c,contrast,,4,0.1907
20260807-045122_cifar100-20epoch-cifar100c,cifar100-20epoch-cifar100c,cifar100,cifar100-c,contrast,,5,0.0743
20260807-045122_cifar100-20epoch-cifar100c,cifar100-20epoch-cifar100c,cifar100,cifar100-c,defocus_blur,,1,0.368
20260807-045122_cifar100-20epoch-cifar100c,cifar100-20epoch-cifar100c,cifar100,cifar100-c,defocus_blur,,2,0.3648
20260807-045122_cifar100-20epoch-cifar100c,cifar100-20epoch-cifar100c,cifar100,cifar100-c,defocus_blur,,3,0.3579
20260807-045122_cifar100-20epoch-cifar100c,cifar100-20epoch-cifar100c,cifar100,cifar100-c,defocus_blur,,4,0.3505
20260807-045122_cifar100-20epoch-cifar100c,cifar100-20epoch-cifar100c,cifar100,cifar100-c,defocus_blur,,5,0.3292
20260807-045122_cifar100-20epoch-cifar100c,cifar100-20epoch-cifar100c,cifar100,cifar100-c,elastic_transform,,1,0.3444
20260807-045122_cifar100-20epoch-cifar100c,cifar100-20epoch-cifar100c,cifar100,cifar100-c,elastic_transform,,2,0.3492
20260807-045122_cifar100-20epoch-cifar100c,cifar100-20epoch-cifar100c,cifar100,cifar100-c,elastic_transform,,3,0.3427
20260807-045122_cifar100-20epoch-cifar100c,cifar100-20epoch-cifar100c,cifar100,cifar100-c,elastic_transform,,4,0.3335
20260807-045122_cifar100-20epoch-cifar100c,cifar100-20epoch-cifar100c,cifar100,cifar100-c,elastic_transform,,5,0.3176
20260807-045122_cifar100-20epoch-cifar100c,cifar100-20epoch-cifar100c,cifar100,cifar100-c,fog,,1,0.3608
20260807-045122_cifar100-20epoch-cifar100c,cifar100-20epoch-cifar100c,cifar100,cifar100-c,fog,,2,0.3097
20260807-045122_cifar100-20epoch-cifar100c,cifar100-20epoch-cifar100c,cifar100,cifar100-c,fog,,3,0.2541
20260807-045122_cifar100-20epoch-cifar100c,cifar100-20epoch-cifar100c,cifar100,cifar100-c,fog,,4,0.1957
20260807-045122_cifar100-20epoch-cifar100c,cifar100-20epoch-cifar100c,cifar100,cifar100-c,fog,,5,0.1032
20260807-045122_cifar100-20epoch-cifar100c,cifar100-20epoch-cifar100c,cifar100,cifar100-c,frost,,1,0.3451
20260807-045122_cifar100-20epoch-cifar100c,cifar100-20epoch-cifar100c,cifar100,cifar100-c,frost,,2,0.3156
20260807-045122_cifar100-20epoch-cifar100c,cifar100-20epoch-cifar100c,cifar100,cifar100-c,frost,,3,0.2773
20260807-045122_cifar100-20epoch-cifar100c,cifar100-20epoch-cifar100c,cifar100,cifar100-c,frost,,4,0.2741
20260807-045122_cifar100-20epoch-cifar100c,cifar100-20epoch-cifar100c,cifar100,cifar100-c,frost,,5,0.2351
20260807-045122_cifar100-20epoch-cifar100c,cifar100-20epoch-cifar100c,cifar100,cifar100-c,gaussian_blur,,1,0.368
20260807-045122_cifar100-20epoch-cifar100c,cifar100-20epoch-cifar100c,cifar100,cifar100-c,gaussian_blur,,2,0.3574
20260807-045122_cifar100-20epoch-cifar100c,cifar100-20epoch-cifar100c,cifar100,cifar100-c,gaussian_blur,,3,0.3476
20260807-045122_cifar100-20epoch-cifar100c,cifar100-20epoch-cifar100c,cifar100,cifar100-c,gaussian_blur,,4,0.3387
20260807-045122_cifar100-20epoch-cifar100c,cifar100-20epoch-cifar100c,cifar100,cifar100-c,gaussian_blur,,5,0.3156
20260807-045122_cifar100-20epoch-cifar100c,cifar100-20epoch-cifar100c,cifar100,cifar100-c,gaussian_noise,,1,0.3571
20260807-045122_cifar100-20epoch-cifar100c,cifar100-20epoch-cifar100c,cifar100,cifar100-c,gaussian_noise,,2,0.3321
20260807-045122_cifar100-20epoch-cifar100c,cifar100-20epoch-cifar100c,cifar100,cifar100-c,gaussian_noise,,3,0.298
20260807-045122_cifar100-20epoch-cifar100c,cifar100-20epoch-cifar100c,cifar100,cifar100-c,gaussian_noise,,4,0.2793
20260807-045122_cifar100-20epoch-cifar100c,cifar100-20epoch-cifar100c,cifar100,cifar100-c,gaussian_noise,,5,0.2596
20260807-045122_cifar100-20epoch-cifar100c,cifar100-20epoch-cifar100c,cifar100,cifar100-c,glass_blur,,1,0.3396
20260807-045122_cifar100-20epoch-cifar100c,cifar100-20epoch-cifar100c,cifar100,cifar100-c,glass_blur,,2,0.3417
20260807-045122_cifar100-20epoch-cifar100c,cifar100-20epoch-cifar100c,cifar100,cifar100-c,glass_blur,,3,0.3424
20260807-045122_cifar100-20epoch-cifar100c,cifar100-20epoch-cifar100c,cifar100,cifar100-c,glass_blur,,4,0.3096
20260807-045122_cifar100-20epoch-cifar100c,cifar100-20epoch-cifar100c,cifar100,cifar100-c,glass_blur,,5,0.3084
20260807-045122_cifar100-20epoch-cifar100c,cifar100-20epoch-cifar100c,cifar100,cifar100-c,impulse_noise,,1,0.3511
20260807-045122_cifar100-20epoch-cifar100c,cifar100-20epoch-cifar100c,cifar100,cifar100-c,impulse_noise,,2,0.3239
20260807-045122_cifar100-20epoch-cifar100c,cifar100-20epoch-cifar100c,cifar100,cifar100-c,impulse_noise,,3,0.2901
20260807-045122_cifar100-20epoch-cifar100c,cifar100-20epoch-cifar100c,cifar100,cifar100-c,impulse_noise,,4,0.2241
20260807-045122_cifar100-20epoch-cifar100c,cifar100-20epoch-cifar100c,cifar100,cifar100-c,impulse_noise,,5,0.1703
20260807-045122_cifar100-20epoch-cifar100c,cifar100-20epoch-cifar100c,cifar100,cifar100-c,jpeg_compression,,1,0.3554
20260807-045122_cifar100-20epoch-cifar100c,cifar100-20epoch-cifar100c,cifar100,cifar100-c,jpeg_compression,,2,0.3422
20260807-045122_cifar100-20epoch-cifar100c,cifar100-20epoch-cifar100c,cifar100,cifar100-c,jpeg_compression,,3,0.3395
20260807-045122_cifar100-20epoch-cifar100c,cifar100-20epoch-cifar100c,cifar100,cifar100-c,jpeg_compression,,4,0.3365
20260807-045122_cifar100-20epoch-cifar100c,cifar100-20epoch-cifar100c,cifar100,cifar100-c,jpeg_compression,,5,0.3265
20260807-045122_cifar100-20epoch-cifar100c,cifar100-20epoch-cifar100c,cifar100,cifar100-c,motion_blur,,1,0.3591
20260807-045122_cifar100-20epoch-cifar100c,cifar100-20epoch-cifar100c,cifar100,cifar100-c,motion_blur,,2,0.3472
20260807-045122_cifar100-20epoch-cifar100c,cifar100-20epoch-cifar100c,cifar100,cifar100-c,motion_blur,,3,0.3307
20260807-045122_cifar100-20epoch-cifar100c,cifar100-20epoch-cifar100c,cifar100,cifar100-c,motion_blur,,4,0.3313
20260807-045122_cifar100-20epoch-cifar100c,cifar100-20epoch-cifar100c,cifar100,cifar100-c,motion_blur,,5,0.3143
20260807-045122_cifar100-20epoch-cifar100c,cifar100-20epoch-cifar100c,cifar100,cifar100-c,pixelate,,1,0.3673
20260807-045122_cifar100-20epoch-cifar100c,cifar100-20epoch-cifar100c,cifar100,cifar100-c,pixelate,,2,0.3665
20260807-045122_cifar100-20epoch-cifar100c,cifar100-20epoch-cifar100c,cifar100,cifar100-c,pixelate,,3,0.3642
20260807-045122_cifar100-20epoch-cifar100c,cifar100-20epoch-cifar100c,cifar100,cifar100-c,pixelate,,4,0.3626
20260807-045122_cifar100-20epoch-cifar100c,cifar100-20epoch-cifar100c,cifar100,cifar100-c,pixelate,,5,0.3539
20260807-045122_cifar100-20epoch-cifar100c,cifar100-20epoch-cifar100c,cifar100,cifar100-c,saturate,,1,0.2905
20260807-045122_cifar100-20epoch-cifar100c,cifar100-20epoch-cifar100c,cifar100,cifar100-c,saturate,,2,0.2447
20260807-045122_cifar100-20epoch-cifar100c,cifar100-20epoch-cifar100c,cifar100,cifar100-c,saturate,,3,0.343
20260807-045122_cifar100-20epoch-cifar100c,cifar100-20epoch-cifar100c,cifar100,cifar100-c,saturate,,4,0.2712
20260807-045122_cifar100-20epoch-cifar100c,cifar100-20epoch-cifar100c,cifar100,cifar100-c,saturate,,5,0.211
20260807-045122_cifar100-20epoch-cifar100c,cifar100-20epoch-cifar100c,cifar100,cifar100-c,shot_noise,,1,0.3619
20260807-045122_cifar100-20epoch-cifar100c,cifar100-20epoch-cifar100c,cifar100,cifar100-c,shot_noise,,2,0.3513
20260807-045122_cifar100-20epoch-cifar100c,cifar100-20epoch-cifar100c,cifar100,cifar100-c,shot_noise,,3,0.3094
20260807-045122_cifar100-20epoch-cifar100c,cifar100-20epoch-cifar100c,cifar100,cifar100-c,shot_noise,,4,0.2961
20260807-045122_cifar100-20epoch-cifar100c,cifar100-20epoch-cifar100c,cifar100,cifar100-c,shot_noise,,5,0.2651
20260807-045122_cifar100-20epoch-cifar100c,cifar100-20epoch-cifar100c,cifar100,cifar100-c,snow,,1,0.3508
20260807-045122_cifar100-20epoch-cifar100c,cifar100-20epoch-cifar100c,cifar100,cifar100-c,snow,,2,0.321
20260807-045122_cifar100-20epoch-cifar100c,cifar100-20epoch-cifar100c,cifar100,cifar100-c,snow,,3,0.3002
20260807-045122_cifar100-20epoch-cifar100c,cifar100-20epoch-cifar100c,cifar100,cifar100-c,snow,,4,0.272
20260807-045122_cifar100-20epoch-cifar100c,cifar100-20epoch-cifar100c,cifar100,cifar100-c,snow,,5,0.2622
20260807-045122_cifar100-20epoch-cifar100c,cifar100-20epoch-cifar100c,cifar100,cifar100-c,spatter,,1,0.3587
20260807-045122_cifar100-20epoch-cifar100c,cifar100-20epoch-cifar100c,cifar100,cifar100-c,spatter,,2,0.332
20260807-045122_cifar100-20epoch-cifar100c,cifar100-20epoch-cifar100c,cifar100,cifar100-c,spatter,,3,0.2839
20260807-045122_cifar100-20epoch-cifar100c,cifar100-20epoch-cifar100c,cifar100,cifar100-c,spatter,,4,0.3283
20260807-045122_cifar100-20epoch-cifar100c,cifar100-20epoch-cifar100c,cifar100,cifar100-c,spatter,,5,0.2896
20260807-045122_cifar100-20epoch-cifar100c,cifar100-20epoch-cifar100c,cifar100,cifar100-c,speckle_noise,,1,0.3556
20260807-045122_cifar100-20epoch-cifar100c,cifar100-20epoch-cifar100c,cifar100,cifar100-c,speckle_noise,,2,0.3321
20260807-045122_cifar100-20epoch-cifar100c,cifar100-20epoch-cifar100c,cifar100,cifar100-c,speckle_noise,,3,0.3133
20260807-045122_cifar100-20epoch-cifar100c,cifar100-20epoch-cifar100c,cifar100,cifar100-c,speckle_noise,,4,0.281
20260807-045122_cifar100-20epoch-cifar100c,cifar100-20epoch-cifar100c,cifar100,cifar100-c,speckle_noise,,5,0.2504
20260807-045122_cifar100-20epoch-cifar100c,cifar100-20epoch-cifar100c,cifar100,cifar100-c,zoom_blur,,1,0.3591
20260807-045122_cifar100-20epoch-cifar100c,cifar100-20epoch-cifar100c,cifar100,cifar100-c,zoom_blur,,2,0.36
20260807-045122_cifar100-20epoch-cifar100c,cifar100-20epoch-cifar100c,cifar100,cifar100-c,zoom_blur,,3,0.3563
20260807-045122_cifar100-20epoch-cifar100c,cifar100-20epoch-cifar100c,cifar100,cifar100-c,zoom_blur,,4,0.3528
20260807-045122_cifar100-20epoch-cifar100c,cifar100-20epoch-cifar100c,cifar100,cifar100-c,zoom_blur,,5,0.3437
20260807-053140_cifar10-paper-concat-20epoch-cifar10c,cifar10-paper-concat-20epoch-cifar10c,cifar10,cifar10-c,brightness,,1,0.5646
20260807-053140_cifar10-paper-concat-20epoch-cifar10c,cifar10-paper-concat-20epoch-cifar10c,cifar10,cifar10-c,brightness,,2,0.5574
20260807-053140_cifar10-paper-concat-20epoch-cifar10c,cifar10-paper-concat-20epoch-cifar10c,cifar10,cifar10-c,brightness,,3,0.5453
20260807-053140_cifar10-paper-concat-20epoch-cifar10c,cifar10-paper-concat-20epoch-cifar10c,cifar10,cifar10-c,brightness,,4,0.5267
20260807-053140_cifar10-paper-concat-20epoch-cifar10c,cifar10-paper-concat-20epoch-cifar10c,cifar10,cifar10-c,brightness,,5,0.4911
20260807-053140_cifar10-paper-concat-20epoch-cifar10c,cifar10-paper-concat-20epoch-cifar10c,cifar10,cifar10-c,contrast,,1,0.5477
20260807-053140_cifar10-paper-concat-20epoch-cifar10c,cifar10-paper-concat-20epoch-cifar10c,cifar10,cifar10-c,contrast,,2,0.4735
20260807-053140_cifar10-paper-concat-20epoch-cifar10c,cifar10-paper-concat-20epoch-cifar10c,cifar10,cifar10-c,contrast,,3,0.413
20260807-053140_cifar10-paper-concat-20epoch-cifar10c,cifar10-paper-concat-20epoch-cifar10c,cifar10,cifar10-c,contrast,,4,0.3342
20260807-053140_cifar10-paper-concat-20epoch-cifar10c,cifar10-paper-concat-20epoch-cifar10c,cifar10,cifar10-c,contrast,,5,0.2051
20260807-053140_cifar10-paper-concat-20epoch-cifar10c,cifar10-paper-concat-20epoch-cifar10c,cifar10,cifar10-c,defocus_blur,,1,0.569
20260807-053140_cifar10-paper-concat-20epoch-cifar10c,cifar10-paper-concat-20epoch-cifar10c,cifar10,cifar10-c,defocus_blur,,2,0.5612
20260807-053140_cifar10-paper-concat-20epoch-cifar10c,cifar10-paper-concat-20epoch-cifar10c,cifar10,cifar10-c,defocus_blur,,3,0.5473
20260807-053140_cifar10-paper-concat-20epoch-cifar10c,cifar10-paper-concat-20epoch-cifar10c,cifar10,cifar10-c,defocus_blur,,4,0.5327
20260807-053140_cifar10-paper-concat-20epoch-cifar10c,cifar10-paper-concat-20epoch-cifar10c,cifar10,cifar10-c,defocus_blur,,5,0.4919
20260807-053140_cifar10-paper-concat-20epoch-cifar10c,cifar10-paper-concat-20epoch-cifar10c,cifar10,cifar10-c,elastic_transform,,1,0.5519
20260807-053140_cifar10-paper-concat-20epoch-cifar10c,cifar10-paper-concat-20epoch-cifar10c,cifar10,cifar10-c,elastic_transform,,2,0.5549
20260807-053140_cifar10-paper-concat-20epoch-cifar10c,cifar10-paper-concat-20epoch-cifar10c,cifar10,cifar10-c,elastic_transform,,3,0.5404
20260807-053140_cifar10-paper-concat-20epoch-cifar10c,cifar10-paper-concat-20epoch-cifar10c,cifar10,cifar10-c,elastic_transform,,4,0.5306
20260807-053140_cifar10-paper-concat-20epoch-cifar10c,cifar10-paper-concat-20epoch-cifar10c,cifar10,cifar10-c,elastic_transform,,5,0.5233
20260807-053140_cifar10-paper-concat-20epoch-cifar10c,cifar10-paper-concat-20epoch-cifar10c,cifar10,cifar10-c,fog,,1,0.5661
20260807-053140_cifar10-paper-concat-20epoch-cifar10c,cifar10-paper-concat-20epoch-cifar10c,cifar10,cifar10-c,fog,,2,0.5388
20260807-053140_cifar10-paper-concat-20epoch-cifar10c,cifar10-paper-concat-20epoch-cifar10c,cifar10,cifar10-c,fog,,3,0.4931
20260807-053140_cifar10-paper-concat-20epoch-cifar10c,cifar10-paper-concat-20epoch-cifar10c,cifar10,cifar10-c,fog,,4,0.428
20260807-053140_cifar10-paper-concat-20epoch-cifar10c,cifar10-paper-concat-20epoch-cifar10c,cifar10,cifar10-c,fog,,5,0.3121
20260807-053140_cifar10-paper-concat-20epoch-cifar10c,cifar10-paper-concat-20epoch-cifar10c,cifar10,cifar10-c,frost,,1,0.5461
20260807-053140_cifar10-paper-concat-20epoch-cifar10c,cifar10-paper-concat-20epoch-cifar10c,cifar10,cifar10-c,frost,,2,0.5215
20260807-053140_cifar10-paper-concat-20epoch-cifar10c,cifar10-paper-concat-20epoch-cifar10c,cifar10,cifar10-c,frost,,3,0.4818
20260807-053140_cifar10-paper-concat-20epoch-cifar10c,cifar10-paper-concat-20epoch-cifar10c,cifar10,cifar10-c,frost,,4,0.4829
20260807-053140_cifar10-paper-concat-20epoch-cifar10c,cifar10-paper-concat-20epoch-cifar10c,cifar10,cifar10-c,frost,,5,0.4365
20260807-053140_cifar10-paper-concat-20epoch-cifar10c,cifar10-paper-concat-20epoch-cifar10c,cifar10,cifar10-c,gaussian_blur,,1,0.569
20260807-053140_cifar10-paper-concat-20epoch-cifar10c,cifar10-paper-concat-20epoch-cifar10c,cifar10,cifar10-c,gaussian_blur,,2,0.5457
20260807-053140_cifar10-paper-concat-20epoch-cifar10c,cifar10-paper-concat-20epoch-cifar10c,cifar10,cifar10-c,gaussian_blur,,3,0.5287
20260807-053140_cifar10-paper-concat-20epoch-cifar10c,cifar10-paper-concat-20epoch-cifar10c,cifar10,cifar10-c,gaussian_blur,,4,0.5104
20260807-053140_cifar10-paper-concat-20epoch-cifar10c,cifar10-paper-concat-20epoch-cifar10c,cifar10,cifar10-c,gaussian_blur,,5,0.4756
20260807-053140_cifar10-paper-concat-20epoch-cifar10c,cifar10-paper-concat-20epoch-cifar10c,cifar10,cifar10-c,gaussian_noise,,1,0.5324
20260807-053140_cifar10-paper-concat-20epoch-cifar10c,cifar10-paper-concat-20epoch-cifar10c,cifar10,cifar10-c,gaussian_noise,,2,0.4828
20260807-053140_cifar10-paper-concat-20epoch-cifar10c,cifar10-paper-concat-20epoch-cifar10c,cifar10,cifar10-c,gaussian_noise,,3,0.4302
20260807-053140_cifar10-paper-concat-20epoch-cifar10c,cifar10-paper-concat-20epoch-cifar10c,cifar10,cifar10-c,gaussian_noise,,4,0.4093
20260807-053140_cifar10-paper-concat-20epoch-cifar10c,cifar10-paper-concat-20epoch-cifar10c,cifar10,cifar10-c,gaussian_noise,,5,0.38
20260807-053140_cifar10-paper-concat-20epoch-cifar10c,cifar10-paper-concat-20epoch-cifar10c,cifar10,cifar10-c,glass_blur,,1,0.5463
20260807-053140_cifar10-paper-concat-20epoch-cifar10c,cifar10-paper-concat-20epoch-cifar10c,cifar10,cifar10-c,glass_blur,,2,0.5431
20260807-053140_cifar10-paper-concat-20epoch-cifar10c,cifar10-paper-concat-20epoch-cifar10c,cifar10,cifar10-c,glass_blur,,3,0.541
20260807-053140_cifar10-paper-concat-20epoch-cifar10c,cifar10-paper-concat-20epoch-cifar10c,cifar10,cifar10-c,glass_blur,,4,0.5188
20260807-053140_cifar10-paper-concat-20epoch-cifar10c,cifar10-paper-concat-20epoch-cifar10c,cifar10,cifar10-c,glass_blur,,5,0.5195
20260807-053140_cifar10-paper-concat-20epoch-cifar10c,cifar10-paper-concat-20epoch-cifar10c,cifar10,cifar10-c,impulse_noise,,1,0.5386
20260807-053140_cifar10-paper-concat-20epoch-cifar10c,cifar10-paper-concat-20epoch-cifar10c,cifar10,cifar10-c,impulse_noise,,2,0.4879
20260807-053140_cifar10-paper-concat-20epoch-cifar10c,cifar10-paper-concat-20epoch-cifar10c,cifar10,cifar10-c,impulse_noise,,3,0.4529
20260807-053140_cifar10-paper-concat-20epoch-cifar10c,cifar10-paper-concat-20epoch-cifar10c,cifar10,cifar10-c,impulse_noise,,4,0.3683
20260807-053140_cifar10-paper-concat-20epoch-cifar10c,cifar10-paper-concat-20epoch-cifar10c,cifar10,cifar10-c,impulse_noise,,5,0.316
20260807-053140_cifar10-paper-concat-20epoch-cifar10c,cifar10-paper-concat-20epoch-cifar10c,cifar10,cifar10-c,jpeg_compression,,1,0.5316
20260807-053140_cifar10-paper-concat-20epoch-cifar10c,cifar10-paper-concat-20epoch-cifar10c,cifar10,cifar10-c,jpeg_compression,,2,0.5098
20260807-053140_cifar10-paper-concat-20epoch-cifar10c,cifar10-paper-concat-20epoch-cifar10c,cifar10,cifar10-c,jpeg_compression,,3,0.5017
20260807-053140_cifar10-paper-concat-20epoch-cifar10c,cifar10-paper-concat-20epoch-cifar10c,cifar10,cifar10-c,jpeg_compression,,4,0.4967
20260807-053140_cifar10-paper-concat-20epoch-cifar10c,cifar10-paper-concat-20epoch-cifar10c,cifar10,cifar10-c,jpeg_compression,,5,0.4812
20260807-053140_cifar10-paper-concat-20epoch-cifar10c,cifar10-paper-concat-20epoch-cifar10c,cifar10,cifar10-c,motion_blur,,1,0.5559
20260807-053140_cifar10-paper-concat-20epoch-cifar10c,cifar10-paper-concat-20epoch-cifar10c,cifar10,cifar10-c,motion_blur,,2,0.5334
20260807-053140_cifar10-paper-concat-20epoch-cifar10c,cifar10-paper-concat-20epoch-cifar10c,cifar10,cifar10-c,motion_blur,,3,0.5137
20260807-053140_cifar10-paper-concat-20epoch-cifar10c,cifar10-paper-concat-20epoch-cifar10c,cifar10,cifar10-c,motion_blur,,4,0.5124
20260807-053140_cifar10-paper-concat-20epoch-cifar10c,cifar10-paper-concat-20epoch-cifar10c,cifar10,cifar10-c,motion_blur,,5,0.4934
20260807-053140_cifar10-paper-concat-20epoch-cifar10c,cifar10-paper-concat-20epoch-cifar10c,cifar10,cifar10-c,pixelate,,1,0.57
20260807-053140_cifar10-paper-concat-20epoch-cifar10c,cifar10-paper-concat-20epoch-cifar10c,cifar10,cifar10-c,pixelate,,2,0.5659
20260807-053140_cifar10-paper-concat-20epoch-cifar10c,cifar10-paper-concat-20epoch-cifar10c,cifar10,cifar10-c,pixelate,,3,0.565
20260807-053140_cifar10-paper-concat-20epoch-cifar10c,cifar10-paper-concat-20epoch-cifar10c,cifar10,cifar10-c,pixelate,,4,0.557
20260807-053140_cifar10-paper-concat-20epoch-cifar10c,cifar10-paper-concat-20epoch-cifar10c,cifar10,cifar10-c,pixelate,,5,0.5503
20260807-053140_cifar10-paper-concat-20epoch-cifar10c,cifar10-paper-concat-20epoch-cifar10c,cifar10,cifar10-c,saturate,,1,0.5284
20260807-053140_cifar10-paper-concat-20epoch-cifar10c,cifar10-paper-concat-20epoch-cifar10c,cifar10,cifar10-c,saturate,,2,0.4504
20260807-053140_cifar10-paper-concat-20epoch-cifar10c,cifar10-paper-concat-20epoch-cifar10c,cifar10,cifar10-c,saturate,,3,0.5556
20260807-053140_cifar10-paper-concat-20epoch-cifar10c,cifar10-paper-concat-20epoch-cifar10c,cifar10,cifar10-c,saturate,,4,0.4784
20260807-053140_cifar10-paper-concat-20epoch-cifar10c,cifar10-paper-concat-20epoch-cifar10c,cifar10,cifar10-c,saturate,,5,0.4157
20260807-053140_cifar10-paper-concat-20epoch-cifar10c,cifar10-paper-concat-20epoch-cifar10c,cifar10,cifar10-c,shot_noise,,1,0.5445
20260807-053140_cifar10-paper-concat-20epoch-cifar10c,cifar10-paper-concat-20epoch-cifar10c,cifar10,cifar10-c,shot_noise,,2,0.5185
20260807-053140_cifar10-paper-concat-20epoch-cifar10c,cifar10-paper-concat-20epoch-cifar10c,cifar10,cifar10-c,shot_noise,,3,0.4604
20260807-053140_cifar10-paper-concat-20epoch-cifar10c,cifar10-paper-concat-20epoch-cifar10c,cifar10,cifar10-c,shot_noise,,4,0.4288
20260807-053140_cifar10-paper-concat-20epoch-cifar10c,cifar10-paper-concat-20epoch-cifar10c,cifar10,cifar10-c,shot_noise,,5,0.3896
20260807-053140_cifar10-paper-concat-20epoch-cifar10c,cifar10-paper-concat-20epoch-cifar10c,cifar10,cifar10-c,snow,,1,0.5524
20260807-053140_cifar10-paper-concat-20epoch-cifar10c,cifar10-paper-concat-20epoch-cifar10c,cifar10,cifar10-c,snow,,2,0.5224
20260807-053140_cifar10-paper-concat-20epoch-cifar10c,cifar10-paper-concat-20epoch-cifar10c,cifar10,cifar10-c,snow,,3,0.5171
20260807-053140_cifar10-paper-concat-20epoch-cifar10c,cifar10-paper-concat-20epoch-cifar10c,cifar10,cifar10-c,snow,,4,0.5012
20260807-053140_cifar10-paper-concat-20epoch-cifar10c,cifar10-paper-concat-20epoch-cifar10c,cifar10,cifar10-c,snow,,5,0.5057
20260807-053140_cifar10-paper-concat-20epoch-cifar10c,cifar10-paper-concat-20epoch-cifar10c,cifar10,cifar10-c,spatter,,1,0.5587
20260807-053140_cifar10-paper-concat-20epoch-cifar10c,cifar10-paper-concat-20epoch-cifar10c,cifar10,cifar10-c,spatter,,2,0.5365
20260807-053140_cifar10-paper-concat-20epoch-cifar10c,cifar10-paper-concat-20epoch-cifar10c,cifar10,cifar10-c,spatter,,3,0.491
20260807-053140_cifar10-paper-concat-20epoch-cifar10c,cifar10-paper-concat-20epoch-cifar10c,cifar10,cifar10-c,spatter,,4,0.5354
20260807-053140_cifar10-paper-concat-20epoch-cifar10c,cifar10-paper-concat-20epoch-cifar10c,cifar10,cifar10-c,spatter,,5,0.4961
20260807-053140_cifar10-paper-concat-20epoch-cifar10c,cifar10-paper-concat-20epoch-cifar10c,cifar10,cifar10-c,speckle_noise,,1,0.5364
20260807-053140_cifar10-paper-concat-20epoch-cifar10c,cifar10-paper-concat-20epoch-cifar10c,cifar10,cifar10-c,speckle_noise,,2,0.4934
20260807-053140_cifar10-paper-concat-20epoch-cifar10c,cifar10-paper-concat-20epoch-cifar10c,cifar10,cifar10-c,speckle_noise,,3,0.4679
20260807-053140_cifar10-paper-concat-20epoch-cifar10c,cifar10-paper-concat-20epoch-cifar10c,cifar10,cifar10-c,speckle_noise,,4,0.4152
20260807-053140_cifar10-paper-concat-20epoch-cifar10c,cifar10-paper-concat-20epoch-cifar10c,cifar10,cifar10-c,speckle_noise,,5,0.3699
20260807-053140_cifar10-paper-concat-20epoch-cifar10c,cifar10-paper-concat-20epoch-cifar10c,cifar10,cifar10-c,zoom_blur,,1,0.5502
20260807-053140_cifar10-paper-concat-20epoch-cifar10c,cifar10-paper-concat-20epoch-cifar10c,cifar10,cifar10-c,zoom_blur,,2,0.5471
20260807-053140_cifar10-paper-concat-20epoch-cifar10c,cifar10-paper-concat-20epoch-cifar10c,cifar10,cifar10-c,zoom_blur,,3,0.5391
20260807-053140_cifar10-paper-concat-20epoch-cifar10c,cifar10-paper-concat-20epoch-cifar10c,cifar10,cifar10-c,zoom_blur,,4,0.5347
20260807-053140_cifar10-paper-concat-20epoch-cifar10c,cifar10-paper-concat-20epoch-cifar10c,cifar10,cifar10-c,zoom_blur,,5,0.5232
20260807-054707_cifar10-gmean-matched-head-20epoch-cifar10c,cifar10-gmean-matched-head-20epoch-cifar10c,cifar10,cifar10-c,brightness,,1,0.6693
20260807-054707_cifar10-gmean-matched-head-20epoch-cifar10c,cifar10-gmean-matched-head-20epoch-cifar10c,cifar10,cifar10-c,brightness,,2,0.6614
20260807-054707_cifar10-gmean-matched-head-20epoch-cifar10c,cifar10-gmean-matched-head-20epoch-cifar10c,cifar10,cifar10-c,brightness,,3,0.6551
20260807-054707_cifar10-gmean-matched-head-20epoch-cifar10c,cifar10-gmean-matched-head-20epoch-cifar10c,cifar10,cifar10-c,brightness,,4,0.6392
20260807-054707_cifar10-gmean-matched-head-20epoch-cifar10c,cifar10-gmean-matched-head-20epoch-cifar10c,cifar10,cifar10-c,brightness,,5,0.6028
20260807-054707_cifar10-gmean-matched-head-20epoch-cifar10c,cifar10-gmean-matched-head-20epoch-cifar10c,cifar10,cifar10-c,contrast,,1,0.6553
20260807-054707_cifar10-gmean-matched-head-20epoch-cifar10c,cifar10-gmean-matched-head-20epoch-cifar10c,cifar10,cifar10-c,contrast,,2,0.5821
20260807-054707_cifar10-gmean-matched-head-20epoch-cifar10c,cifar10-gmean-matched-head-20epoch-cifar10c,cifar10,cifar10-c,contrast,,3,0.51
20260807-054707_cifar10-gmean-matched-head-20epoch-cifar10c,cifar10-gmean-matched-head-20epoch-cifar10c,cifar10,cifar10-c,contrast,,4,0.4001
20260807-054707_cifar10-gmean-matched-head-20epoch-cifar10c,cifar10-gmean-matched-head-20epoch-cifar10c,cifar10,cifar10-c,contrast,,5,0.2132
20260807-054707_cifar10-gmean-matched-head-20epoch-cifar10c,cifar10-gmean-matched-head-20epoch-cifar10c,cifar10,cifar10-c,defocus_blur,,1,0.6694
20260807-054707_cifar10-gmean-matched-head-20epoch-cifar10c,cifar10-gmean-matched-head-20epoch-cifar10c,cifar10,cifar10-c,defocus_blur,,2,0.657
20260807-054707_cifar10-gmean-matched-head-20epoch-cifar10c,cifar10-gmean-matched-head-20epoch-cifar10c,cifar10,cifar10-c,defocus_blur,,3,0.6345
20260807-054707_cifar10-gmean-matched-head-20epoch-cifar10c,cifar10-gmean-matched-head-20epoch-cifar10c,cifar10,cifar10-c,defocus_blur,,4,0.6004
20260807-054707_cifar10-gmean-matched-head-20epoch-cifar10c,cifar10-gmean-matched-head-20epoch-cifar10c,cifar10,cifar10-c,defocus_blur,,5,0.5189
20260807-054707_cifar10-gmean-matched-head-20epoch-cifar10c,cifar10-gmean-matched-head-20epoch-cifar10c,cifar10,cifar10-c,elastic_transform,,1,0.6426
20260807-054707_cifar10-gmean-matched-head-20epoch-cifar10c,cifar10-gmean-matched-head-20epoch-cifar10c,cifar10,cifar10-c,elastic_transform,,2,0.642
20260807-054707_cifar10-gmean-matched-head-20epoch-cifar10c,cifar10-gmean-matched-head-20epoch-cifar10c,cifar10,cifar10-c,elastic_transform,,3,0.6278
20260807-054707_cifar10-gmean-matched-head-20epoch-cifar10c,cifar10-gmean-matched-head-20epoch-cifar10c,cifar10,cifar10-c,elastic_transform,,4,0.6193
20260807-054707_cifar10-gmean-matched-head-20epoch-cifar10c,cifar10-gmean-matched-head-20epoch-cifar10c,cifar10,cifar10-c,elastic_transform,,5,0.6099
20260807-054707_cifar10-gmean-matched-head-20epoch-cifar10c,cifar10-gmean-matched-head-20epoch-cifar10c,cifar10,cifar10-c,fog,,1,0.6704
20260807-054707_cifar10-gmean-matched-head-20epoch-cifar10c,cifar10-gmean-matched-head-20epoch-cifar10c,cifar10,cifar10-c,fog,,2,0.6346
20260807-054707_cifar10-gmean-matched-head-20epoch-cifar10c,cifar10-gmean-matched-head-20epoch-cifar10c,cifar10,cifar10-c,fog,,3,0.5871
20260807-054707_cifar10-gmean-matched-head-20epoch-cifar10c,cifar10-gmean-matched-head-20epoch-cifar10c,cifar10,cifar10-c,fog,,4,0.5046
20260807-054707_cifar10-gmean-matched-head-20epoch-cifar10c,cifar10-gmean-matched-head-20epoch-cifar10c,cifar10,cifar10-c,fog,,5,0.359
20260807-054707_cifar10-gmean-matched-head-20epoch-cifar10c,cifar10-gmean-matched-head-20epoch-cifar10c,cifar10,cifar10-c,frost,,1,0.6524
20260807-054707_cifar10-gmean-matched-head-20epoch-cifar10c,cifar10-gmean-matched-head-20epoch-cifar10c,cifar10,cifar10-c,frost,,2,0.6261
20260807-054707_cifar10-gmean-matched-head-20epoch-cifar10c,cifar10-gmean-matched-head-20epoch-cifar10c,cifar10,cifar10-c,frost,,3,0.5789
20260807-054707_cifar10-gmean-matched-head-20epoch-cifar10c,cifar10-gmean-matched-head-20epoch-cifar10c,cifar10,cifar10-c,frost,,4,0.5705
20260807-054707_cifar10-gmean-matched-head-20epoch-cifar10c,cifar10-gmean-matched-head-20epoch-cifar10c,cifar10,cifar10-c,frost,,5,0.5167
20260807-054707_cifar10-gmean-matched-head-20epoch-cifar10c,cifar10-gmean-matched-head-20epoch-cifar10c,cifar10,cifar10-c,gaussian_blur,,1,0.6693
20260807-054707_cifar10-gmean-matched-head-20epoch-cifar10c,cifar10-gmean-matched-head-20epoch-cifar10c,cifar10,cifar10-c,gaussian_blur,,2,0.6329
20260807-054707_cifar10-gmean-matched-head-20epoch-cifar10c,cifar10-gmean-matched-head-20epoch-cifar10c,cifar10,cifar10-c,gaussian_blur,,3,0.6014
20260807-054707_cifar10-gmean-matched-head-20epoch-cifar10c,cifar10-gmean-matched-head-20epoch-cifar10c,cifar10,cifar10-c,gaussian_blur,,4,0.5653
20260807-054707_cifar10-gmean-matched-head-20epoch-cifar10c,cifar10-gmean-matched-head-20epoch-cifar10c,cifar10,cifar10-c,gaussian_blur,,5,0.4831
20260807-054707_cifar10-gmean-matched-head-20epoch-cifar10c,cifar10-gmean-matched-head-20epoch-cifar10c,cifar10,cifar10-c,gaussian_noise,,1,0.6204
20260807-054707_cifar10-gmean-matched-head-20epoch-cifar10c,cifar10-gmean-matched-head-20epoch-cifar10c,cifar10,cifar10-c,gaussian_noise,,2,0.5582
20260807-054707_cifar10-gmean-matched-head-20epoch-cifar10c,cifar10-gmean-matched-head-20epoch-cifar10c,cifar10,cifar10-c,gaussian_noise,,3,0.4855
20260807-054707_cifar10-gmean-matched-head-20epoch-cifar10c,cifar10-gmean-matched-head-20epoch-cifar10c,cifar10,cifar10-c,gaussian_noise,,4,0.4512
20260807-054707_cifar10-gmean-matched-head-20epoch-cifar10c,cifar10-gmean-matched-head-20epoch-cifar10c,cifar10,cifar10-c,gaussian_noise,,5,0.4084
20260807-054707_cifar10-gmean-matched-head-20epoch-cifar10c,cifar10-gmean-matched-head-20epoch-cifar10c,cifar10,cifar10-c,glass_blur,,1,0.6281
20260807-054707_cifar10-gmean-matched-head-20epoch-cifar10c,cifar10-gmean-matched-head-20epoch-cifar10c,cifar10,cifar10-c,glass_blur,,2,0.6284
20260807-054707_cifar10-gmean-matched-head-20epoch-cifar10c,cifar10-gmean-matched-head-20epoch-cifar10c,cifar10,cifar10-c,glass_blur,,3,0.6324
20260807-054707_cifar10-gmean-matched-head-20epoch-cifar10c,cifar10-gmean-matched-head-20epoch-cifar10c,cifar10,cifar10-c,glass_blur,,4,0.5847
20260807-054707_cifar10-gmean-matched-head-20epoch-cifar10c,cifar10-gmean-matched-head-20epoch-cifar10c,cifar10,cifar10-c,glass_blur,,5,0.5883
20260807-054707_cifar10-gmean-matched-head-20epoch-cifar10c,cifar10-gmean-matched-head-20epoch-cifar10c,cifar10,cifar10-c,impulse_noise,,1,0.6318
20260807-054707_cifar10-gmean-matched-head-20epoch-cifar10c,cifar10-gmean-matched-head-20epoch-cifar10c,cifar10,cifar10-c,impulse_noise,,2,0.5739
20260807-054707_cifar10-gmean-matched-head-20epoch-cifar10c,cifar10-gmean-matched-head-20epoch-cifar10c,cifar10,cifar10-c,impulse_noise,,3,0.5137
20260807-054707_cifar10-gmean-matched-head-20epoch-cifar10c,cifar10-gmean-matched-head-20epoch-cifar10c,cifar10,cifar10-c,impulse_noise,,4,0.3969
20260807-054707_cifar10-gmean-matched-head-20epoch-cifar10c,cifar10-gmean-matched-head-20epoch-cifar10c,cifar10,cifar10-c,impulse_noise,,5,0.3192
20260807-054707_cifar10-gmean-matched-head-20epoch-cifar10c,cifar10-gmean-matched-head-20epoch-cifar10c,cifar10,cifar10-c,jpeg_compression,,1,0.6329
20260807-054707_cifar10-gmean-matched-head-20epoch-cifar10c,cifar10-gmean-matched-head-20epoch-cifar10c,cifar10,cifar10-c,jpeg_compression,,2,0.6108
20260807-054707_cifar10-gmean-matched-head-20epoch-cifar10c,cifar10-gmean-matched-head-20epoch-cifar10c,cifar10,cifar10-c,jpeg_compression,,3,0.6029
20260807-054707_cifar10-gmean-matched-head-20epoch-cifar10c,cifar10-gmean-matched-head-20epoch-cifar10c,cifar10,cifar10-c,jpeg_compression,,4,0.5969
20260807-054707_cifar10-gmean-matched-head-20epoch-cifar10c,cifar10-gmean-matched-head-20epoch-cifar10c,cifar10,cifar10-c,jpeg_compression,,5,0.5769
20260807-054707_cifar10-gmean-matched-head-20epoch-cifar10c,cifar10-gmean-matched-head-20epoch-cifar10c,cifar10,cifar10-c,motion_blur,,1,0.6485
20260807-054707_cifar10-gmean-matched-head-20epoch-cifar10c,cifar10-gmean-matched-head-20epoch-cifar10c,cifar10,cifar10-c,motion_blur,,2,0.6117
20260807-054707_cifar10-gmean-matched-head-20epoch-cifar10c,cifar10-gmean-matched-head-20epoch-cifar10c,cifar10,cifar10-c,motion_blur,,3,0.5648
20260807-054707_cifar10-gmean-matched-head-20epoch-cifar10c,cifar10-gmean-matched-head-20epoch-cifar10c,cifar10,cifar10-c,motion_blur,,4,0.5671
20260807-054707_cifar10-gmean-matched-head-20epoch-cifar10c,cifar10-gmean-matched-head-20epoch-cifar10c,cifar10,cifar10-c,motion_blur,,5,0.528
20260807-054707_cifar10-gmean-matched-head-20epoch-cifar10c,cifar10-gmean-matched-head-20epoch-cifar10c,cifar10,cifar10-c,pixelate,,1,0.6712
20260807-054707_cifar10-gmean-matched-head-20epoch-cifar10c,cifar10-gmean-matched-head-20epoch-cifar10c,cifar10,cifar10-c,pixelate,,2,0.6642
20260807-054707_cifar10-gmean-matched-head-20epoch-cifar10c,cifar10-gmean-matched-head-20epoch-cifar10c,cifar10,cifar10-c,pixelate,,3,0.6672
20260807-054707_cifar10-gmean-matched-head-20epoch-cifar10c,cifar10-gmean-matched-head-20epoch-cifar10c,cifar10,cifar10-c,pixelate,,4,0.6533
20260807-054707_cifar10-gmean-matched-head-20epoch-cifar10c,cifar10-gmean-matched-head-20epoch-cifar10c,cifar10,cifar10-c,pixelate,,5,0.6463
20260807-054707_cifar10-gmean-matched-head-20epoch-cifar10c,cifar10-gmean-matched-head-20epoch-cifar10c,cifar10,cifar10-c,saturate,,1,0.6424
20260807-054707_cifar10-gmean-matched-head-20epoch-cifar10c,cifar10-gmean-matched-head-20epoch-cifar10c,cifar10,cifar10-c,saturate,,2,0.5954
20260807-054707_cifar10-gmean-matched-head-20epoch-cifar10c,cifar10-gmean-matched-head-20epoch-cifar10c,cifar10,cifar10-c,saturate,,3,0.6562
20260807-054707_cifar10-gmean-matched-head-20epoch-cifar10c,cifar10-gmean-matched-head-20epoch-cifar10c,cifar10,cifar10-c,saturate,,4,0.6039
20260807-054707_cifar10-gmean-matched-head-20epoch-cifar10c,cifar10-gmean-matched-head-20epoch-cifar10c,cifar10,cifar10-c,saturate,,5,0.5391
20260807-054707_cifar10-gmean-matched-head-20epoch-cifar10c,cifar10-gmean-matched-head-20epoch-cifar10c,cifar10,cifar10-c,shot_noise,,1,0.6451
20260807-054707_cifar10-gmean-matched-head-20epoch-cifar10c,cifar10-gmean-matched-head-20epoch-cifar10c,cifar10,cifar10-c,shot_noise,,2,0.6072
20260807-054707_cifar10-gmean-matched-head-20epoch-cifar10c,cifar10-gmean-matched-head-20epoch-cifar10c,cifar10,cifar10-c,shot_noise,,3,0.5197
20260807-054707_cifar10-gmean-matched-head-20epoch-cifar10c,cifar10-gmean-matched-head-20epoch-cifar10c,cifar10,cifar10-c,shot_noise,,4,0.4781
20260807-054707_cifar10-gmean-matched-head-20epoch-cifar10c,cifar10-gmean-matched-head-20epoch-cifar10c,cifar10,cifar10-c,shot_noise,,5,0.4179
20260807-054707_cifar10-gmean-matched-head-20epoch-cifar10c,cifar10-gmean-matched-head-20epoch-cifar10c,cifar10,cifar10-c,snow,,1,0.6596
20260807-054707_cifar10-gmean-matched-head-20epoch-cifar10c,cifar10-gmean-matched-head-20epoch-cifar10c,cifar10,cifar10-c,snow,,2,0.617
20260807-054707_cifar10-gmean-matched-head-20epoch-cifar10c,cifar10-gmean-matched-head-20epoch-cifar10c,cifar10,cifar10-c,snow,,3,0.6044
20260807-054707_cifar10-gmean-matched-head-20epoch-cifar10c,cifar10-gmean-matched-head-20epoch-cifar10c,cifar10,cifar10-c,snow,,4,0.5925
20260807-054707_cifar10-gmean-matched-head-20epoch-cifar10c,cifar10-gmean-matched-head-20epoch-cifar10c,cifar10,cifar10-c,snow,,5,0.5866
20260807-054707_cifar10-gmean-matched-head-20epoch-cifar10c,cifar10-gmean-matched-head-20epoch-cifar10c,cifar10,cifar10-c,spatter,,1,0.6603
20260807-054707_cifar10-gmean-matched-head-20epoch-cifar10c,cifar10-gmean-matched-head-20epoch-cifar10c,cifar10,cifar10-c,spatter,,2,0.6291
20260807-054707_cifar10-gmean-matched-head-20epoch-cifar10c,cifar10-gmean-matched-head-20epoch-cifar10c,cifar10,cifar10-c,spatter,,3,0.5847
20260807-054707_cifar10-gmean-matched-head-20epoch-cifar10c,cifar10-gmean-matched-head-20epoch-cifar10c,cifar10,cifar10-c,spatter,,4,0.6384
20260807-054707_cifar10-gmean-matched-head-20epoch-cifar10c,cifar10-gmean-matched-head-20epoch-cifar10c,cifar10,cifar10-c,spatter,,5,0.5979
20260807-054707_cifar10-gmean-matched-head-20epoch-cifar10c,cifar10-gmean-matched-head-20epoch-cifar10c,cifar10,cifar10-c,speckle_noise,,1,0.6371
20260807-054707_cifar10-gmean-matched-head-20epoch-cifar10c,cifar10-gmean-matched-head-20epoch-cifar10c,cifar10,cifar10-c,speckle_noise,,2,0.5759
20260807-054707_cifar10-gmean-matched-head-20epoch-cifar10c,cifar10-gmean-matched-head-20epoch-cifar10c,cifar10,cifar10-c,speckle_noise,,3,0.5293
20260807-054707_cifar10-gmean-matched-head-20epoch-cifar10c,cifar10-gmean-matched-head-20epoch-cifar10c,cifar10,cifar10-c,speckle_noise,,4,0.4638
20260807-054707_cifar10-gmean-matched-head-20epoch-cifar10c,cifar10-gmean-matched-head-20epoch-cifar10c,cifar10,cifar10-c,speckle_noise,,5,0.3958
20260807-054707_cifar10-gmean-matched-head-20epoch-cifar10c,cifar10-gmean-matched-head-20epoch-cifar10c,cifar10,cifar10-c,zoom_blur,,1,0.6378
20260807-054707_cifar10-gmean-matched-head-20epoch-cifar10c,cifar10-gmean-matched-head-20epoch-cifar10c,cifar10,cifar10-c,zoom_blur,,2,0.6321
20260807-054707_cifar10-gmean-matched-head-20epoch-cifar10c,cifar10-gmean-matched-head-20epoch-cifar10c,cifar10,cifar10-c,zoom_blur,,3,0.6172
20260807-054707_cifar10-gmean-matched-head-20epoch-cifar10c,cifar10-gmean-matched-head-20epoch-cifar10c,cifar10,cifar10-c,zoom_blur,,4,0.6088
20260807-054707_cifar10-gmean-matched-head-20epoch-cifar10c,cifar10-gmean-matched-head-20epoch-cifar10c,cifar10,cifar10-c,zoom_blur,,5,0.584
20260807-054708_cifar10-raw-first-matched-head-20epoch-cifar10c,cifar10-raw-first-matched-head-20epoch-cifar10c,cifar10,cifar10-c,brightness,,1,0.6662
20260807-054708_cifar10-raw-first-matched-head-20epoch-cifar10c,cifar10-raw-first-matched-head-20epoch-cifar10c,cifar10,cifar10-c,brightness,,2,0.6591
20260807-054708_cifar10-raw-first-matched-head-20epoch-cifar10c,cifar10-raw-first-matched-head-20epoch-cifar10c,cifar10,cifar10-c,brightness,,3,0.6456
20260807-054708_cifar10-raw-first-matched-head-20epoch-cifar10c,cifar10-raw-first-matched-head-20epoch-cifar10c,cifar10,cifar10-c,brightness,,4,0.6294
20260807-054708_cifar10-raw-first-matched-head-20epoch-cifar10c,cifar10-raw-first-matched-head-20epoch-cifar10c,cifar10,cifar10-c,brightness,,5,0.5895
20260807-054708_cifar10-raw-first-matched-head-20epoch-cifar10c,cifar10-raw-first-matched-head-20epoch-cifar10c,cifar10,cifar10-c,contrast,,1,0.6523
20260807-054708_cifar10-raw-first-matched-head-20epoch-cifar10c,cifar10-raw-first-matched-head-20epoch-cifar10c,cifar10,cifar10-c,contrast,,2,0.5781
20260807-054708_cifar10-raw-first-matched-head-20epoch-cifar10c,cifar10-raw-first-matched-head-20epoch-cifar10c,cifar10,cifar10-c,contrast,,3,0.5139
20260807-054708_cifar10-raw-first-matched-head-20epoch-cifar10c,cifar10-raw-first-matched-head-20epoch-cifar10c,cifar10,cifar10-c,contrast,,4,0.4124
20260807-054708_cifar10-raw-first-matched-head-20epoch-cifar10c,cifar10-raw-first-matched-head-20epoch-cifar10c,cifar10,cifar10-c,contrast,,5,0.236
20260807-054708_cifar10-raw-first-matched-head-20epoch-cifar10c,cifar10-raw-first-matched-head-20epoch-cifar10c,cifar10,cifar10-c,defocus_blur,,1,0.669
20260807-054708_cifar10-raw-first-matched-head-20epoch-cifar10c,cifar10-raw-first-matched-head-20epoch-cifar10c,cifar10,cifar10-c,defocus_blur,,2,0.6563
20260807-054708_cifar10-raw-first-matched-head-20epoch-cifar10c,cifar10-raw-first-matched-head-20epoch-cifar10c,cifar10,cifar10-c,defocus_blur,,3,0.6358
20260807-054708_cifar10-raw-first-matched-head-20epoch-cifar10c,cifar10-raw-first-matched-head-20epoch-cifar10c,cifar10,cifar10-c,defocus_blur,,4,0.6098
20260807-054708_cifar10-raw-first-matched-head-20epoch-cifar10c,cifar10-raw-first-matched-head-20epoch-cifar10c,cifar10,cifar10-c,defocus_blur,,5,0.5302
20260807-054708_cifar10-raw-first-matched-head-20epoch-cifar10c,cifar10-raw-first-matched-head-20epoch-cifar10c,cifar10,cifar10-c,elastic_transform,,1,0.6391
20260807-054708_cifar10-raw-first-matched-head-20epoch-cifar10c,cifar10-raw-first-matched-head-20epoch-cifar10c,cifar10,cifar10-c,elastic_transform,,2,0.642
20260807-054708_cifar10-raw-first-matched-head-20epoch-cifar10c,cifar10-raw-first-matched-head-20epoch-cifar10c,cifar10,cifar10-c,elastic_transform,,3,0.6288
20260807-054708_cifar10-raw-first-matched-head-20epoch-cifar10c,cifar10-raw-first-matched-head-20epoch-cifar10c,cifar10,cifar10-c,elastic_transform,,4,0.6154
20260807-054708_cifar10-raw-first-matched-head-20epoch-cifar10c,cifar10-raw-first-matched-head-20epoch-cifar10c,cifar10,cifar10-c,elastic_transform,,5,0.6063
20260807-054708_cifar10-raw-first-matched-head-20epoch-cifar10c,cifar10-raw-first-matched-head-20epoch-cifar10c,cifar10,cifar10-c,fog,,1,0.6602
20260807-054708_cifar10-raw-first-matched-head-20epoch-cifar10c,cifar10-raw-first-matched-head-20epoch-cifar10c,cifar10,cifar10-c,fog,,2,0.6254
20260807-054708_cifar10-raw-first-matched-head-20epoch-cifar10c,cifar10-raw-first-matched-head-20epoch-cifar10c,cifar10,cifar10-c,fog,,3,0.5751
20260807-054708_cifar10-raw-first-matched-head-20epoch-cifar10c,cifar10-raw-first-matched-head-20epoch-cifar10c,cifar10,cifar10-c,fog,,4,0.4838
20260807-054708_cifar10-raw-first-matched-head-20epoch-cifar10c,cifar10-raw-first-matched-head-20epoch-cifar10c,cifar10,cifar10-c,fog,,5,0.3234
20260807-054708_cifar10-raw-first-matched-head-20epoch-cifar10c,cifar10-raw-first-matched-head-20epoch-cifar10c,cifar10,cifar10-c,frost,,1,0.6486
20260807-054708_cifar10-raw-first-matched-head-20epoch-cifar10c,cifar10-raw-first-matched-head-20epoch-cifar10c,cifar10,cifar10-c,frost,,2,0.6225
20260807-054708_cifar10-raw-first-matched-head-20epoch-cifar10c,cifar10-raw-first-matched-head-20epoch-cifar10c,cifar10,cifar10-c,frost,,3,0.5718
20260807-054708_cifar10-raw-first-matched-head-20epoch-cifar10c,cifar10-raw-first-matched-head-20epoch-cifar10c,cifar10,cifar10-c,frost,,4,0.5714
20260807-054708_cifar10-raw-first-matched-head-20epoch-cifar10c,cifar10-raw-first-matched-head-20epoch-cifar10c,cifar10,cifar10-c,frost,,5,0.5118
20260807-054708_cifar10-raw-first-matched-head-20epoch-cifar10c,cifar10-raw-first-matched-head-20epoch-cifar10c,cifar10,cifar10-c,gaussian_blur,,1,0.6691
20260807-054708_cifar10-raw-first-matched-head-20epoch-cifar10c,cifar10-raw-first-matched-head-20epoch-cifar10c,cifar10,cifar10-c,gaussian_blur,,2,0.6341
20260807-054708_cifar10-raw-first-matched-head-20epoch-cifar10c,cifar10-raw-first-matched-head-20epoch-cifar10c,cifar10,cifar10-c,gaussian_blur,,3,0.6071
20260807-054708_cifar10-raw-first-matched-head-20epoch-cifar10c,cifar10-raw-first-matched-head-20epoch-cifar10c,cifar10,cifar10-c,gaussian_blur,,4,0.5722
20260807-054708_cifar10-raw-first-matched-head-20epoch-cifar10c,cifar10-raw-first-matched-head-20epoch-cifar10c,cifar10,cifar10-c,gaussian_blur,,5,0.4873
20260807-054708_cifar10-raw-first-matched-head-20epoch-cifar10c,cifar10-raw-first-matched-head-20epoch-cifar10c,cifar10,cifar10-c,gaussian_noise,,1,0.6331
20260807-054708_cifar10-raw-first-matched-head-20epoch-cifar10c,cifar10-raw-first-matched-head-20epoch-cifar10c,cifar10,cifar10-c,gaussian_noise,,2,0.5892
20260807-054708_cifar10-raw-first-matched-head-20epoch-cifar10c,cifar10-raw-first-matched-head-20epoch-cifar10c,cifar10,cifar10-c,gaussian_noise,,3,0.5249
20260807-054708_cifar10-raw-first-matched-head-20epoch-cifar10c,cifar10-raw-first-matched-head-20epoch-cifar10c,cifar10,cifar10-c,gaussian_noise,,4,0.4968
20260807-054708_cifar10-raw-first-matched-head-20epoch-cifar10c,cifar10-raw-first-matched-head-20epoch-cifar10c,cifar10,cifar10-c,gaussian_noise,,5,0.4579
20260807-054708_cifar10-raw-first-matched-head-20epoch-cifar10c,cifar10-raw-first-matched-head-20epoch-cifar10c,cifar10,cifar10-c,glass_blur,,1,0.6291
20260807-054708_cifar10-raw-first-matched-head-20epoch-cifar10c,cifar10-raw-first-matched-head-20epoch-cifar10c,cifar10,cifar10-c,glass_blur,,2,0.6267
20260807-054708_cifar10-raw-first-matched-head-20epoch-cifar10c,cifar10-raw-first-matched-head-20epoch-cifar10c,cifar10,cifar10-c,glass_blur,,3,0.6309
20260807-054708_cifar10-raw-first-matched-head-20epoch-cifar10c,cifar10-raw-first-matched-head-20epoch-cifar10c,cifar10,cifar10-c,glass_blur,,4,0.5793
20260807-054708_cifar10-raw-first-matched-head-20epoch-cifar10c,cifar10-raw-first-matched-head-20epoch-cifar10c,cifar10,cifar10-c,glass_blur,,5,0.5916
20260807-054708_cifar10-raw-first-matched-head-20epoch-cifar10c,cifar10-raw-first-matched-head-20epoch-cifar10c,cifar10,cifar10-c,impulse_noise,,1,0.6447
20260807-054708_cifar10-raw-first-matched-head-20epoch-cifar10c,cifar10-raw-first-matched-head-20epoch-cifar10c,cifar10,cifar10-c,impulse_noise,,2,0.5964
20260807-054708_cifar10-raw-first-matched-head-20epoch-cifar10c,cifar10-raw-first-matched-head-20epoch-cifar10c,cifar10,cifar10-c,impulse_noise,,3,0.5506
20260807-054708_cifar10-raw-first-matched-head-20epoch-cifar10c,cifar10-raw-first-matched-head-20epoch-cifar10c,cifar10,cifar10-c,impulse_noise,,4,0.4485
20260807-054708_cifar10-raw-first-matched-head-20epoch-cifar10c,cifar10-raw-first-matched-head-20epoch-cifar10c,cifar10,cifar10-c,impulse_noise,,5,0.3664
20260807-054708_cifar10-raw-first-matched-head-20epoch-cifar10c,cifar10-raw-first-matched-head-20epoch-cifar10c,cifar10,cifar10-c,jpeg_compression,,1,0.6435
20260807-054708_cifar10-raw-first-matched-head-20epoch-cifar10c,cifar10-raw-first-matched-head-20epoch-cifar10c,cifar10,cifar10-c,jpeg_compression,,2,0.6321
20260807-054708_cifar10-raw-first-matched-head-20epoch-cifar10c,cifar10-raw-first-matched-head-20epoch-cifar10c,cifar10,cifar10-c,jpeg_compression,,3,0.6235
20260807-054708_cifar10-raw-first-matched-head-20epoch-cifar10c,cifar10-raw-first-matched-head-20epoch-cifar10c,cifar10,cifar10-c,jpeg_compression,,4,0.6154
20260807-054708_cifar10-raw-first-matched-head-20epoch-cifar10c,cifar10-raw-first-matched-head-20epoch-cifar10c,cifar10,cifar10-c,jpeg_compression,,5,0.6022
20260807-054708_cifar10-raw-first-matched-head-20epoch-cifar10c,cifar10-raw-first-matched-head-20epoch-cifar10c,cifar10,cifar10-c,motion_blur,,1,0.6458
20260807-054708_cifar10-raw-first-matched-head-20epoch-cifar10c,cifar10-raw-first-matched-head-20epoch-cifar10c,cifar10,cifar10-c,motion_blur,,2,0.6125
20260807-054708_cifar10-raw-first-matched-head-20epoch-cifar10c,cifar10-raw-first-matched-head-20epoch-cifar10c,cifar10,cifar10-c,motion_blur,,3,0.5748
20260807-054708_cifar10-raw-first-matched-head-20epoch-cifar10c,cifar10-raw-first-matched-head-20epoch-cifar10c,cifar10,cifar10-c,motion_blur,,4,0.5727
20260807-054708_cifar10-raw-first-matched-head-20epoch-cifar10c,cifar10-raw-first-matched-head-20epoch-cifar10c,cifar10,cifar10-c,motion_blur,,5,0.5333
20260807-054708_cifar10-raw-first-matched-head-20epoch-cifar10c,cifar10-raw-first-matched-head-20epoch-cifar10c,cifar10,cifar10-c,pixelate,,1,0.6688
20260807-054708_cifar10-raw-first-matched-head-20epoch-cifar10c,cifar10-raw-first-matched-head-20epoch-cifar10c,cifar10,cifar10-c,pixelate,,2,0.6584
20260807-054708_cifar10-raw-first-matched-head-20epoch-cifar10c,cifar10-raw-first-matched-head-20epoch-cifar10c,cifar10,cifar10-c,pixelate,,3,0.6596
20260807-054708_cifar10-raw-first-matched-head-20epoch-cifar10c,cifar10-raw-first-matched-head-20epoch-cifar10c,cifar10,cifar10-c,pixelate,,4,0.6429
20260807-054708_cifar10-raw-first-matched-head-20epoch-cifar10c,cifar10-raw-first-matched-head-20epoch-cifar10c,cifar10,cifar10-c,pixelate,,5,0.6331
20260807-054708_cifar10-raw-first-matched-head-20epoch-cifar10c,cifar10-raw-first-matched-head-20epoch-cifar10c,cifar10,cifar10-c,saturate,,1,0.64
20260807-054708_cifar10-raw-first-matched-head-20epoch-cifar10c,cifar10-raw-first-matched-head-20epoch-cifar10c,cifar10,cifar10-c,saturate,,2,0.5987
20260807-054708_cifar10-raw-first-matched-head-20epoch-cifar10c,cifar10-raw-first-matched-head-20epoch-cifar10c,cifar10,cifar10-c,saturate,,3,0.656
20260807-054708_cifar10-raw-first-matched-head-20epoch-cifar10c,cifar10-raw-first-matched-head-20epoch-cifar10c,cifar10,cifar10-c,saturate,,4,0.6022
20260807-054708_cifar10-raw-first-matched-head-20epoch-cifar10c,cifar10-raw-first-matched-head-20epoch-cifar10c,cifar10,cifar10-c,saturate,,5,0.5377
20260807-054708_cifar10-raw-first-matched-head-20epoch-cifar10c,cifar10-raw-first-matched-head-20epoch-cifar10c,cifar10,cifar10-c,shot_noise,,1,0.6494
20260807-054708_cifar10-raw-first-matched-head-20epoch-cifar10c,cifar10-raw-first-matched-head-20epoch-cifar10c,cifar10,cifar10-c,shot_noise,,2,0.6252
20260807-054708_cifar10-raw-first-matched-head-20epoch-cifar10c,cifar10-raw-first-matched-head-20epoch-cifar10c,cifar10,cifar10-c,shot_noise,,3,0.5524
20260807-054708_cifar10-raw-first-matched-head-20epoch-cifar10c,cifar10-raw-first-matched-head-20epoch-cifar10c,cifar10,cifar10-c,shot_noise,,4,0.5191
20260807-054708_cifar10-raw-first-matched-head-20epoch-cifar10c,cifar10-raw-first-matched-head-20epoch-cifar10c,cifar10,cifar10-c,shot_noise,,5,0.4735
20260807-054708_cifar10-raw-first-matched-head-20epoch-cifar10c,cifar10-raw-first-matched-head-20epoch-cifar10c,cifar10,cifar10-c,snow,,1,0.6539
20260807-054708_cifar10-raw-first-matched-head-20epoch-cifar10c,cifar10-raw-first-matched-head-20epoch-cifar10c,cifar10,cifar10-c,snow,,2,0.6077
20260807-054708_cifar10-raw-first-matched-head-20epoch-cifar10c,cifar10-raw-first-matched-head-20epoch-cifar10c,cifar10,cifar10-c,snow,,3,0.6001
20260807-054708_cifar10-raw-first-matched-head-20epoch-cifar10c,cifar10-raw-first-matched-head-20epoch-cifar10c,cifar10,cifar10-c,snow,,4,0.5769
20260807-054708_cifar10-raw-first-matched-head-20epoch-cifar10c,cifar10-raw-first-matched-head-20epoch-cifar10c,cifar10,cifar10-c,snow,,5,0.5734
20260807-054708_cifar10-raw-first-matched-head-20epoch-cifar10c,cifar10-raw-first-matched-head-20epoch-cifar10c,cifar10,cifar10-c,spatter,,1,0.6604
20260807-054708_cifar10-raw-first-matched-head-20epoch-cifar10c,cifar10-raw-first-matched-head-20epoch-cifar10c,cifar10,cifar10-c,spatter,,2,0.6339
20260807-054708_cifar10-raw-first-matched-head-20epoch-cifar10c,cifar10-raw-first-matched-head-20epoch-cifar10c,cifar10,cifar10-c,spatter,,3,0.5816
20260807-054708_cifar10-raw-first-matched-head-20epoch-cifar10c,cifar10-raw-first-matched-head-20epoch-cifar10c,cifar10,cifar10-c,spatter,,4,0.6294
20260807-054708_cifar10-raw-first-matched-head-20epoch-cifar10c,cifar10-raw-first-matched-head-20epoch-cifar10c,cifar10,cifar10-c,spatter,,5,0.5808
20260807-054708_cifar10-raw-first-matched-head-20epoch-cifar10c,cifar10-raw-first-matched-head-20epoch-cifar10c,cifar10,cifar10-c,speckle_noise,,1,0.6508
20260807-054708_cifar10-raw-first-matched-head-20epoch-cifar10c,cifar10-raw-first-matched-head-20epoch-cifar10c,cifar10,cifar10-c,speckle_noise,,2,0.5978
20260807-054708_cifar10-raw-first-matched-head-20epoch-cifar10c,cifar10-raw-first-matched-head-20epoch-cifar10c,cifar10,cifar10-c,speckle_noise,,3,0.5694
20260807-054708_cifar10-raw-first-matched-head-20epoch-cifar10c,cifar10-raw-first-matched-head-20epoch-cifar10c,cifar10,cifar10-c,speckle_noise,,4,0.5032
20260807-054708_cifar10-raw-first-matched-head-20epoch-cifar10c,cifar10-raw-first-matched-head-20epoch-cifar10c,cifar10,cifar10-c,speckle_noise,,5,0.4519
20260807-054708_cifar10-raw-first-matched-head-20epoch-cifar10c,cifar10-raw-first-matched-head-20epoch-cifar10c,cifar10,cifar10-c,zoom_blur,,1,0.6389
20260807-054708_cifar10-raw-first-matched-head-20epoch-cifar10c,cifar10-raw-first-matched-head-20epoch-cifar10c,cifar10,cifar10-c,zoom_blur,,2,0.6366
20260807-054708_cifar10-raw-first-matched-head-20epoch-cifar10c,cifar10-raw-first-matched-head-20epoch-cifar10c,cifar10,cifar10-c,zoom_blur,,3,0.6246
20260807-054708_cifar10-raw-first-matched-head-20epoch-cifar10c,cifar10-raw-first-matched-head-20epoch-cifar10c,cifar10,cifar10-c,zoom_blur,,4,0.6114
20260807-054708_cifar10-raw-first-matched-head-20epoch-cifar10c,cifar10-raw-first-matched-head-20epoch-cifar10c,cifar10,cifar10-c,zoom_blur,,5,0.5899
20260807-103915_imagenet1k-32step-imagenet-c-robustness-fixed,imagenet1k-32step-imagenet-c-robustness-fixed,imagenet1k,imagenet-c,brightness,,1,0.00124
20260807-103915_imagenet1k-32step-imagenet-c-robustness-fixed,imagenet1k-32step-imagenet-c-robustness-fixed,imagenet1k,imagenet-c,brightness,,2,0.00118
20260807-103915_imagenet1k-32step-imagenet-c-robustness-fixed,imagenet1k-32step-imagenet-c-robustness-fixed,imagenet1k,imagenet-c,brightness,,3,0.00096
20260807-103915_imagenet1k-32step-imagenet-c-robustness-fixed,imagenet1k-32step-imagenet-c-robustness-fixed,imagenet1k,imagenet-c,brightness,,4,0.0009
20260807-103915_imagenet1k-32step-imagenet-c-robustness-fixed,imagenet1k-32step-imagenet-c-robustness-fixed,imagenet1k,imagenet-c,brightness,,5,0.00082
20260807-103915_imagenet1k-32step-imagenet-c-robustness-fixed,imagenet1k-32step-imagenet-c-robustness-fixed,imagenet1k,imagenet-c,contrast,,1,0.00108
20260807-103915_imagenet1k-32step-imagenet-c-robustness-fixed,imagenet1k-32step-imagenet-c-robustness-fixed,imagenet1k,imagenet-c,contrast,,2,0.00108
20260807-103915_imagenet1k-32step-imagenet-c-robustness-fixed,imagenet1k-32step-imagenet-c-robustness-fixed,imagenet1k,imagenet-c,contrast,,3,0.00102
20260807-103915_imagenet1k-32step-imagenet-c-robustness-fixed,imagenet1k-32step-imagenet-c-robustness-fixed,imagenet1k,imagenet-c,contrast,,4,0.00104
20260807-103915_imagenet1k-32step-imagenet-c-robustness-fixed,imagenet1k-32step-imagenet-c-robustness-fixed,imagenet1k,imagenet-c,contrast,,5,0.00102
20260807-103915_imagenet1k-32step-imagenet-c-robustness-fixed,imagenet1k-32step-imagenet-c-robustness-fixed,imagenet1k,imagenet-c,defocus_blur,,1,0.0014
20260807-103915_imagenet1k-32step-imagenet-c-robustness-fixed,imagenet1k-32step-imagenet-c-robustness-fixed,imagenet1k,imagenet-c,defocus_blur,,2,0.00138
20260807-103915_imagenet1k-32step-imagenet-c-robustness-fixed,imagenet1k-32step-imagenet-c-robustness-fixed,imagenet1k,imagenet-c,defocus_blur,,3,0.00134
20260807-103915_imagenet1k-32step-imagenet-c-robustness-fixed,imagenet1k-32step-imagenet-c-robustness-fixed,imagenet1k,imagenet-c,defocus_blur,,4,0.00138
20260807-103915_imagenet1k-32step-imagenet-c-robustness-fixed,imagenet1k-32step-imagenet-c-robustness-fixed,imagenet1k,imagenet-c,defocus_blur,,5,0.00128
20260807-103915_imagenet1k-32step-imagenet-c-robustness-fixed,imagenet1k-32step-imagenet-c-robustness-fixed,imagenet1k,imagenet-c,elastic_transform,,1,0.00144
20260807-103915_imagenet1k-32step-imagenet-c-robustness-fixed,imagenet1k-32step-imagenet-c-robustness-fixed,imagenet1k,imagenet-c,elastic_transform,,2,0.00138
20260807-103915_imagenet1k-32step-imagenet-c-robustness-fixed,imagenet1k-32step-imagenet-c-robustness-fixed,imagenet1k,imagenet-c,elastic_transform,,3,0.00156
20260807-103915_imagenet1k-32step-imagenet-c-robustness-fixed,imagenet1k-32step-imagenet-c-robustness-fixed,imagenet1k,imagenet-c,elastic_transform,,4,0.0015
20260807-103915_imagenet1k-32step-imagenet-c-robustness-fixed,imagenet1k-32step-imagenet-c-robustness-fixed,imagenet1k,imagenet-c,elastic_transform,,5,0.00134
20260807-103915_imagenet1k-32step-imagenet-c-robustness-fixed,imagenet1k-32step-imagenet-c-robustness-fixed,imagenet1k,imagenet-c,fog,,1,0.00102
20260807-103915_imagenet1k-32step-imagenet-c-robustness-fixed,imagenet1k-32step-imagenet-c-robustness-fixed,imagenet1k,imagenet-c,fog,,2,0.00102
20260807-103915_imagenet1k-32step-imagenet-c-robustness-fixed,imagenet1k-32step-imagenet-c-robustness-fixed,imagenet1k,imagenet-c,fog,,3,0.00102
20260807-103915_imagenet1k-32step-imagenet-c-robustness-fixed,imagenet1k-32step-imagenet-c-robustness-fixed,imagenet1k,imagenet-c,fog,,4,0.001
20260807-103915_imagenet1k-32step-imagenet-c-robustness-fixed,imagenet1k-32step-imagenet-c-robustness-fixed,imagenet1k,imagenet-c,fog,,5,0.001
20260807-103915_imagenet1k-32step-imagenet-c-robustness-fixed,imagenet1k-32step-imagenet-c-robustness-fixed,imagenet1k,imagenet-c,frost,,1,0.00092
20260807-103915_imagenet1k-32step-imagenet-c-robustness-fixed,imagenet1k-32step-imagenet-c-robustness-fixed,imagenet1k,imagenet-c,frost,,2,0.00088
20260807-103915_imagenet1k-32step-imagenet-c-robustness-fixed,imagenet1k-32step-imagenet-c-robustness-fixed,imagenet1k,imagenet-c,frost,,3,0.00086
20260807-103915_imagenet1k-32step-imagenet-c-robustness-fixed,imagenet1k-32step-imagenet-c-robustness-fixed,imagenet1k,imagenet-c,frost,,4,0.00078
20260807-103915_imagenet1k-32step-imagenet-c-robustness-fixed,imagenet1k-32step-imagenet-c-robustness-fixed,imagenet1k,imagenet-c,frost,,5,0.00074
20260807-103915_imagenet1k-32step-imagenet-c-robustness-fixed,imagenet1k-32step-imagenet-c-robustness-fixed,imagenet1k,imagenet-c,gaussian_blur,,1,0.0015
20260807-103915_imagenet1k-32step-imagenet-c-robustness-fixed,imagenet1k-32step-imagenet-c-robustness-fixed,imagenet1k,imagenet-c,gaussian_blur,,2,0.00136
20260807-103915_imagenet1k-32step-imagenet-c-robustness-fixed,imagenet1k-32step-imagenet-c-robustness-fixed,imagenet1k,imagenet-c,gaussian_blur,,3,0.00138
20260807-103915_imagenet1k-32step-imagenet-c-robustness-fixed,imagenet1k-32step-imagenet-c-robustness-fixed,imagenet1k,imagenet-c,gaussian_blur,,4,0.00138
20260807-103915_imagenet1k-32step-imagenet-c-robustness-fixed,imagenet1k-32step-imagenet-c-robustness-fixed,imagenet1k,imagenet-c,gaussian_blur,,5,0.00126
20260807-103915_imagenet1k-32step-imagenet-c-robustness-fixed,imagenet1k-32step-imagenet-c-robustness-fixed,imagenet1k,imagenet-c,gaussian_noise,,1,0.00138
20260807-103915_imagenet1k-32step-imagenet-c-robustness-fixed,imagenet1k-32step-imagenet-c-robustness-fixed,imagenet1k,imagenet-c,gaussian_noise,,2,0.00136
20260807-103915_imagenet1k-32step-imagenet-c-robustness-fixed,imagenet1k-32step-imagenet-c-robustness-fixed,imagenet1k,imagenet-c,gaussian_noise,,3,0.0013
20260807-103915_imagenet1k-32step-imagenet-c-robustness-fixed,imagenet1k-32step-imagenet-c-robustness-fixed,imagenet1k,imagenet-c,gaussian_noise,,4,0.00126
20260807-103915_imagenet1k-32step-imagenet-c-robustness-fixed,imagenet1k-32step-imagenet-c-robustness-fixed,imagenet1k,imagenet-c,gaussian_noise,,5,0.00114
20260807-103915_imagenet1k-32step-imagenet-c-robustness-fixed,imagenet1k-32step-imagenet-c-robustness-fixed,imagenet1k,imagenet-c,glass_blur,,1,0.00144
20260807-103915_imagenet1k-32step-imagenet-c-robustness-fixed,imagenet1k-32step-imagenet-c-robustness-fixed,imagenet1k,imagenet-c,glass_blur,,2,0.00134
20260807-103915_imagenet1k-32step-imagenet-c-robustness-fixed,imagenet1k-32step-imagenet-c-robustness-fixed,imagenet1k,imagenet-c,glass_blur,,3,0.00134
20260807-103915_imagenet1k-32step-imagenet-c-robustness-fixed,imagenet1k-32step-imagenet-c-robustness-fixed,imagenet1k,imagenet-c,glass_blur,,4,0.00136
20260807-103915_imagenet1k-32step-imagenet-c-robustness-fixed,imagenet1k-32step-imagenet-c-robustness-fixed,imagenet1k,imagenet-c,glass_blur,,5,0.0014
20260807-103915_imagenet1k-32step-imagenet-c-robustness-fixed,imagenet1k-32step-imagenet-c-robustness-fixed,imagenet1k,imagenet-c,impulse_noise,,1,0.00146
20260807-103915_imagenet1k-32step-imagenet-c-robustness-fixed,imagenet1k-32step-imagenet-c-robustness-fixed,imagenet1k,imagenet-c,impulse_noise,,2,0.00132
20260807-103915_imagenet1k-32step-imagenet-c-robustness-fixed,imagenet1k-32step-imagenet-c-robustness-fixed,imagenet1k,imagenet-c,impulse_noise,,3,0.00126
20260807-103915_imagenet1k-32step-imagenet-c-robustness-fixed,imagenet1k-32step-imagenet-c-robustness-fixed,imagenet1k,imagenet-c,impulse_noise,,4,0.0012
20260807-103915_imagenet1k-32step-imagenet-c-robustness-fixed,imagenet1k-32step-imagenet-c-robustness-fixed,imagenet1k,imagenet-c,impulse_noise,,5,0.0011
20260807-103915_imagenet1k-32step-imagenet-c-robustness-fixed,imagenet1k-32step-imagenet-c-robustness-fixed,imagenet1k,imagenet-c,jpeg_compression,,1,0.0015
20260807-103915_imagenet1k-32step-imagenet-c-robustness-fixed,imagenet1k-32step-imagenet-c-robustness-fixed,imagenet1k,imagenet-c,jpeg_compression,,2,0.00152
20260807-103915_imagenet1k-32step-imagenet-c-robustness-fixed,imagenet1k-32step-imagenet-c-robustness-fixed,imagenet1k,imagenet-c,jpeg_compression,,3,0.00144
20260807-103915_imagenet1k-32step-imagenet-c-robustness-fixed,imagenet1k-32step-imagenet-c-robustness-fixed,imagenet1k,imagenet-c,jpeg_compression,,4,0.00152
20260807-103915_imagenet1k-32step-imagenet-c-robustness-fixed,imagenet1k-32step-imagenet-c-robustness-fixed,imagenet1k,imagenet-c,jpeg_compression,,5,0.00142
20260807-103915_imagenet1k-32step-imagenet-c-robustness-fixed,imagenet1k-32step-imagenet-c-robustness-fixed,imagenet1k,imagenet-c,motion_blur,,1,0.00132
20260807-103915_imagenet1k-32step-imagenet-c-robustness-fixed,imagenet1k-32step-imagenet-c-robustness-fixed,imagenet1k,imagenet-c,motion_blur,,2,0.00136
20260807-103915_imagenet1k-32step-imagenet-c-robustness-fixed,imagenet1k-32step-imagenet-c-robustness-fixed,imagenet1k,imagenet-c,motion_blur,,3,0.00146
20260807-103915_imagenet1k-32step-imagenet-c-robustness-fixed,imagenet1k-32step-imagenet-c-robustness-fixed,imagenet1k,imagenet-c,motion_blur,,4,0.0013
20260807-103915_imagenet1k-32step-imagenet-c-robustness-fixed,imagenet1k-32step-imagenet-c-robustness-fixed,imagenet1k,imagenet-c,motion_blur,,5,0.00132
20260807-103915_imagenet1k-32step-imagenet-c-robustness-fixed,imagenet1k-32step-imagenet-c-robustness-fixed,imagenet1k,imagenet-c,pixelate,,1,0.00146
20260807-103915_imagenet1k-32step-imagenet-c-robustness-fixed,imagenet1k-32step-imagenet-c-robustness-fixed,imagenet1k,imagenet-c,pixelate,,2,0.00146
20260807-103915_imagenet1k-32step-imagenet-c-robustness-fixed,imagenet1k-32step-imagenet-c-robustness-fixed,imagenet1k,imagenet-c,pixelate,,3,0.0015
20260807-103915_imagenet1k-32step-imagenet-c-robustness-fixed,imagenet1k-32step-imagenet-c-robustness-fixed,imagenet1k,imagenet-c,pixelate,,4,0.0015
20260807-103915_imagenet1k-32step-imagenet-c-robustness-fixed,imagenet1k-32step-imagenet-c-robustness-fixed,imagenet1k,imagenet-c,pixelate,,5,0.00138
20260807-103915_imagenet1k-32step-imagenet-c-robustness-fixed,imagenet1k-32step-imagenet-c-robustness-fixed,imagenet1k,imagenet-c,saturate,,1,0.00122
20260807-103915_imagenet1k-32step-imagenet-c-robustness-fixed,imagenet1k-32step-imagenet-c-robustness-fixed,imagenet1k,imagenet-c,saturate,,2,0.0012
20260807-103915_imagenet1k-32step-imagenet-c-robustness-fixed,imagenet1k-32step-imagenet-c-robustness-fixed,imagenet1k,imagenet-c,saturate,,3,0.00134
20260807-103915_imagenet1k-32step-imagenet-c-robustness-fixed,imagenet1k-32step-imagenet-c-robustness-fixed,imagenet1k,imagenet-c,saturate,,4,0.00114
20260807-103915_imagenet1k-32step-imagenet-c-robustness-fixed,imagenet1k-32step-imagenet-c-robustness-fixed,imagenet1k,imagenet-c,saturate,,5,0.00112
20260807-103915_imagenet1k-32step-imagenet-c-robustness-fixed,imagenet1k-32step-imagenet-c-robustness-fixed,imagenet1k,imagenet-c,shot_noise,,1,0.00142
20260807-103915_imagenet1k-32step-imagenet-c-robustness-fixed,imagenet1k-32step-imagenet-c-robustness-fixed,imagenet1k,imagenet-c,shot_noise,,2,0.00144
20260807-103915_imagenet1k-32step-imagenet-c-robustness-fixed,imagenet1k-32step-imagenet-c-robustness-fixed,imagenet1k,imagenet-c,shot_noise,,3,0.00138
20260807-103915_imagenet1k-32step-imagenet-c-robustness-fixed,imagenet1k-32step-imagenet-c-robustness-fixed,imagenet1k,imagenet-c,shot_noise,,4,0.00142
20260807-103915_imagenet1k-32step-imagenet-c-robustness-fixed,imagenet1k-32step-imagenet-c-robustness-fixed,imagenet1k,imagenet-c,shot_noise,,5,0.00148
20260807-103915_imagenet1k-32step-imagenet-c-robustness-fixed,imagenet1k-32step-imagenet-c-robustness-fixed,imagenet1k,imagenet-c,snow,,1,0.00118
20260807-103915_imagenet1k-32step-imagenet-c-robustness-fixed,imagenet1k-32step-imagenet-c-robustness-fixed,imagenet1k,imagenet-c,snow,,2,0.00098
20260807-103915_imagenet1k-32step-imagenet-c-robustness-fixed,imagenet1k-32step-imagenet-c-robustness-fixed,imagenet1k,imagenet-c,snow,,3,0.00088
20260807-103915_imagenet1k-32step-imagenet-c-robustness-fixed,imagenet1k-32step-imagenet-c-robustness-fixed,imagenet1k,imagenet-c,snow,,4,0.00084
20260807-103915_imagenet1k-32step-imagenet-c-robustness-fixed,imagenet1k-32step-imagenet-c-robustness-fixed,imagenet1k,imagenet-c,snow,,5,0.00074
20260807-103915_imagenet1k-32step-imagenet-c-robustness-fixed,imagenet1k-32step-imagenet-c-robustness-fixed,imagenet1k,imagenet-c,spatter,,1,0.0015
20260807-103915_imagenet1k-32step-imagenet-c-robustness-fixed,imagenet1k-32step-imagenet-c-robustness-fixed,imagenet1k,imagenet-c,spatter,,2,0.00152
20260807-103915_imagenet1k-32step-imagenet-c-robustness-fixed,imagenet1k-32step-imagenet-c-robustness-fixed,imagenet1k,imagenet-c,spatter,,3,0.00148
20260807-103915_imagenet1k-32step-imagenet-c-robustness-fixed,imagenet1k-32step-imagenet-c-robustness-fixed,imagenet1k,imagenet-c,spatter,,4,0.00154
20260807-103915_imagenet1k-32step-imagenet-c-robustness-fixed,imagenet1k-32step-imagenet-c-robustness-fixed,imagenet1k,imagenet-c,spatter,,5,0.00148
20260807-103915_imagenet1k-32step-imagenet-c-robustness-fixed,imagenet1k-32step-imagenet-c-robustness-fixed,imagenet1k,imagenet-c,speckle_noise,,1,0.00148
20260807-103915_imagenet1k-32step-imagenet-c-robustness-fixed,imagenet1k-32step-imagenet-c-robustness-fixed,imagenet1k,imagenet-c,speckle_noise,,2,0.0014
20260807-103915_imagenet1k-32step-imagenet-c-robustness-fixed,imagenet1k-32step-imagenet-c-robustness-fixed,imagenet1k,imagenet-c,speckle_noise,,3,0.00138
20260807-103915_imagenet1k-32step-imagenet-c-robustness-fixed,imagenet1k-32step-imagenet-c-robustness-fixed,imagenet1k,imagenet-c,speckle_noise,,4,0.00148
20260807-103915_imagenet1k-32step-imagenet-c-robustness-fixed,imagenet1k-32step-imagenet-c-robustness-fixed,imagenet1k,imagenet-c,speckle_noise,,5,0.00136
20260807-103915_imagenet1k-32step-imagenet-c-robustness-fixed,imagenet1k-32step-imagenet-c-robustness-fixed,imagenet1k,imagenet-c,zoom_blur,,1,0.0014
20260807-103915_imagenet1k-32step-imagenet-c-robustness-fixed,imagenet1k-32step-imagenet-c-robustness-fixed,imagenet1k,imagenet-c,zoom_blur,,2,0.00144
20260807-103915_imagenet1k-32step-imagenet-c-robustness-fixed,imagenet1k-32step-imagenet-c-robustness-fixed,imagenet1k,imagenet-c,zoom_blur,,3,0.00144
20260807-103915_imagenet1k-32step-imagenet-c-robustness-fixed,imagenet1k-32step-imagenet-c-robustness-fixed,imagenet1k,imagenet-c,zoom_blur,,4,0.00138
20260807-103915_imagenet1k-32step-imagenet-c-robustness-fixed,imagenet1k-32step-imagenet-c-robustness-fixed,imagenet1k,imagenet-c,zoom_blur,,5,0.0014
