epoch,step,train/cross_trace_sum,train/loss,val/closure_defect_frobenius,val/cross_trace_sum,val/loss,val_score
0,174,90.1478042602539,-90.1478042602539,,,,
1,349,133.09298706054688,-133.09298706054688,,,,
2,524,159.02349853515625,-159.02349853515625,,,,
3,699,171.7202911376953,-171.7202911376953,,,,
4,874,179.664306640625,-179.664306640625,,,,
5,1049,186.55712890625,-186.55712890625,,,,
6,1224,192.20423889160156,-192.20423889160156,,,,
7,1399,197.8911895751953,-197.8911895751953,,,,
8,1574,203.24017333984375,-203.24017333984375,,,,
9,1749,,,5.462031364440918,207.75466918945312,-207.75466918945312,207.75466918945312
9,1749,207.57247924804688,-207.57247924804688,,,,
10,1924,212.16526794433594,-212.16526794433594,,,,
11,2099,216.77296447753906,-216.77296447753906,,,,
12,2274,221.43026733398438,-221.43026733398438,,,,
13,2449,225.37144470214844,-225.37144470214844,,,,
14,2624,229.12828063964844,-229.12828063964844,,,,
15,2799,232.3919219970703,-232.3919219970703,,,,
16,2974,235.7938690185547,-235.7938690185547,,,,
17,3149,239.10928344726562,-239.10928344726562,,,,
18,3324,240.9192352294922,-240.9192352294922,,,,
19,3499,,,4.507465362548828,241.6209716796875,-241.6209716796875,241.6209716796875
19,3499,243.32122802734375,-243.32122802734375,,,,
20,3674,245.35794067382812,-245.35794067382812,,,,
21,3849,247.47169494628906,-247.47169494628906,,,,
22,4024,248.7021026611328,-248.7021026611328,,,,
23,4199,250.6243133544922,-250.6243133544922,,,,
24,4374,251.62448120117188,-251.62448120117188,,,,
25,4549,253.421875,-253.421875,,,,
26,4724,254.21189880371094,-254.21189880371094,,,,
27,4899,255.40469360351562,-255.40469360351562,,,,
28,5074,256.24896240234375,-256.24896240234375,,,,
29,5249,,,4.312788009643555,255.26377868652344,-255.26377868652344,255.26377868652344
29,5249,257.5096740722656,-257.5096740722656,,,,
30,5424,258.2352600097656,-258.2352600097656,,,,
31,5599,258.8667297363281,-258.8667297363281,,,,
32,5774,259.7332458496094,-259.7332458496094,,,,
33,5949,260.06121826171875,-260.06121826171875,,,,
34,6124,261.5434265136719,-261.5434265136719,,,,
35,6299,261.76715087890625,-261.76715087890625,,,,
36,6474,263.0045166015625,-263.0045166015625,,,,
37,6649,263.2796325683594,-263.2796325683594,,,,
38,6824,264.0664978027344,-264.0664978027344,,,,
39,6999,,,4.251388072967529,261.768798828125,-261.768798828125,261.768798828125
39,6999,264.14166259765625,-264.14166259765625,,,,
40,7174,265.0941467285156,-265.0941467285156,,,,
41,7349,265.157958984375,-265.157958984375,,,,
42,7524,266.34283447265625,-266.34283447265625,,,,
43,7699,266.9315490722656,-266.9315490722656,,,,
44,7874,267.0191650390625,-267.0191650390625,,,,
45,8049,267.4433288574219,-267.4433288574219,,,,
46,8224,268.1315612792969,-268.1315612792969,,,,
47,8399,268.06890869140625,-268.06890869140625,,,,
48,8574,268.7489318847656,-268.7489318847656,,,,
49,8749,,,4.186370849609375,265.1995849609375,-265.1995849609375,265.1995849609375
49,8749,269.2724609375,-269.2724609375,,,,
50,8924,269.9072265625,-269.9072265625,,,,
51,9099,269.9377746582031,-269.9377746582031,,,,
52,9274,270.7420654296875,-270.7420654296875,,,,
53,9449,270.5680236816406,-270.5680236816406,,,,
54,9624,271.1146240234375,-271.1146240234375,,,,
55,9799,271.28424072265625,-271.28424072265625,,,,
56,9974,272.25714111328125,-272.25714111328125,,,,
57,10149,272.4346618652344,-272.4346618652344,,,,
58,10324,272.33770751953125,-272.33770751953125,,,,
59,10499,,,4.132297039031982,268.6754150390625,-268.6754150390625,268.6754150390625
59,10499,272.7902526855469,-272.7902526855469,,,,
60,10674,273.3603210449219,-273.3603210449219,,,,
61,10849,273.576416015625,-273.576416015625,,,,
62,11024,274.1938171386719,-274.1938171386719,,,,
63,11199,274.25103759765625,-274.25103759765625,,,,
64,11374,274.5832214355469,-274.5832214355469,,,,
65,11549,274.83807373046875,-274.83807373046875,,,,
66,11724,274.9293212890625,-274.9293212890625,,,,
67,11899,275.6096496582031,-275.6096496582031,,,,
68,12074,275.5941467285156,-275.5941467285156,,,,
69,12249,,,4.122433662414551,271.35418701171875,-271.35418701171875,271.35418701171875
69,12249,275.8878173828125,-275.8878173828125,,,,
70,12424,275.98785400390625,-275.98785400390625,,,,
71,12599,276.3051452636719,-276.3051452636719,,,,
72,12774,276.7531433105469,-276.7531433105469,,,,
73,12949,276.61700439453125,-276.61700439453125,,,,
74,13124,277.2707214355469,-277.2707214355469,,,,
75,13299,277.23223876953125,-277.23223876953125,,,,
76,13474,277.2672424316406,-277.2672424316406,,,,
77,13649,277.73724365234375,-277.73724365234375,,,,
78,13824,277.7716369628906,-277.7716369628906,,,,
79,13999,,,4.093557834625244,272.2863464355469,-272.2863464355469,272.2863464355469
79,13999,278.45159912109375,-278.45159912109375,,,,
80,14174,278.1700134277344,-278.1700134277344,,,,
81,14349,278.8902587890625,-278.8902587890625,,,,
82,14524,278.796875,-278.796875,,,,
83,14699,279.1986389160156,-279.1986389160156,,,,
84,14874,279.3638916015625,-279.3638916015625,,,,
85,15049,279.97332763671875,-279.97332763671875,,,,
86,15224,280.1502990722656,-280.1502990722656,,,,
87,15399,279.9468994140625,-279.9468994140625,,,,
88,15574,280.4764404296875,-280.4764404296875,,,,
89,15749,,,4.067461013793945,274.01239013671875,-274.01239013671875,274.01239013671875
89,15749,280.209228515625,-280.209228515625,,,,
90,15924,280.63018798828125,-280.63018798828125,,,,
91,16099,280.6727600097656,-280.6727600097656,,,,
92,16274,281.3695068359375,-281.3695068359375,,,,
93,16449,281.32696533203125,-281.32696533203125,,,,
94,16624,281.8464660644531,-281.8464660644531,,,,
95,16799,282.2252502441406,-282.2252502441406,,,,
96,16974,282.2455139160156,-282.2455139160156,,,,
97,17149,282.69329833984375,-282.69329833984375,,,,
98,17324,282.6357727050781,-282.6357727050781,,,,
99,17499,,,4.038708686828613,275.98602294921875,-275.98602294921875,275.98602294921875
99,17499,282.9368896484375,-282.9368896484375,,,,
100,17674,282.92962646484375,-282.92962646484375,,,,
101,17849,283.6142272949219,-283.6142272949219,,,,
102,18024,283.9678039550781,-283.9678039550781,,,,
103,18199,283.6965026855469,-283.6965026855469,,,,
104,18374,283.6936340332031,-283.6936340332031,,,,
105,18549,284.2243347167969,-284.2243347167969,,,,
106,18724,284.3436584472656,-284.3436584472656,,,,
107,18899,285.01116943359375,-285.01116943359375,,,,
108,19074,284.4037780761719,-284.4037780761719,,,,
109,19249,,,4.0132575035095215,277.7071533203125,-277.7071533203125,277.7071533203125
109,19249,284.9453430175781,-284.9453430175781,,,,
110,19424,284.8055725097656,-284.8055725097656,,,,
111,19599,285.18988037109375,-285.18988037109375,,,,
112,19774,285.477783203125,-285.477783203125,,,,
113,19949,286.11444091796875,-286.11444091796875,,,,
114,20124,285.54345703125,-285.54345703125,,,,
115,20299,286.1897888183594,-286.1897888183594,,,,
116,20474,286.3061218261719,-286.3061218261719,,,,
117,20649,286.5238952636719,-286.5238952636719,,,,
118,20824,286.754638671875,-286.754638671875,,,,
119,20999,,,3.98525071144104,278.6783447265625,-278.6783447265625,278.6783447265625
119,20999,286.79833984375,-286.79833984375,,,,
120,21174,286.58856201171875,-286.58856201171875,,,,
121,21349,287.16656494140625,-287.16656494140625,,,,
122,21524,287.1123352050781,-287.1123352050781,,,,
123,21699,287.5491943359375,-287.5491943359375,,,,
124,21874,287.5177917480469,-287.5177917480469,,,,
125,22049,287.73974609375,-287.73974609375,,,,
126,22224,287.4825744628906,-287.4825744628906,,,,
127,22399,288.07318115234375,-288.07318115234375,,,,
128,22574,288.01531982421875,-288.01531982421875,,,,
129,22749,,,3.9728024005889893,280.0564880371094,-280.0564880371094,280.0564880371094
129,22749,288.4182434082031,-288.4182434082031,,,,
130,22924,288.7520446777344,-288.7520446777344,,,,
131,23099,288.995849609375,-288.995849609375,,,,
132,23274,288.93939208984375,-288.93939208984375,,,,
133,23449,288.98687744140625,-288.98687744140625,,,,
134,23624,289.35009765625,-289.35009765625,,,,
135,23799,289.1000671386719,-289.1000671386719,,,,
136,23974,289.59527587890625,-289.59527587890625,,,,
137,24149,289.8369445800781,-289.8369445800781,,,,
138,24324,289.6606750488281,-289.6606750488281,,,,
139,24499,,,3.9369983673095703,281.9222106933594,-281.9222106933594,281.9222106933594
139,24499,290.26458740234375,-290.26458740234375,,,,
140,24674,290.1211853027344,-290.1211853027344,,,,
141,24849,289.96722412109375,-289.96722412109375,,,,
142,25024,290.5221862792969,-290.5221862792969,,,,
143,25199,290.6866149902344,-290.6866149902344,,,,
144,25374,290.8822937011719,-290.8822937011719,,,,
145,25549,290.80712890625,-290.80712890625,,,,
146,25724,290.9019775390625,-290.9019775390625,,,,
147,25899,291.3646545410156,-291.3646545410156,,,,
148,26074,291.36224365234375,-291.36224365234375,,,,
149,26249,,,3.9348409175872803,282.2167053222656,-282.2167053222656,282.2167053222656
149,26249,291.8204040527344,-291.8204040527344,,,,
150,26424,291.4504699707031,-291.4504699707031,,,,
151,26599,291.6707458496094,-291.6707458496094,,,,
152,26774,292.0071105957031,-292.0071105957031,,,,
153,26949,291.8197021484375,-291.8197021484375,,,,
154,27124,291.8118591308594,-291.8118591308594,,,,
155,27299,292.2200012207031,-292.2200012207031,,,,
156,27474,292.0132141113281,-292.0132141113281,,,,
157,27649,292.577880859375,-292.577880859375,,,,
158,27824,292.3414611816406,-292.3414611816406,,,,
159,27999,,,3.8993546962738037,283.6097106933594,-283.6097106933594,283.6097106933594
159,27999,292.77349853515625,-292.77349853515625,,,,
160,28174,293.0751037597656,-293.0751037597656,,,,
161,28349,292.9206848144531,-292.9206848144531,,,,
162,28524,293.29766845703125,-293.29766845703125,,,,
163,28699,293.4732360839844,-293.4732360839844,,,,
164,28874,293.0829772949219,-293.0829772949219,,,,
165,29049,293.490478515625,-293.490478515625,,,,
166,29224,293.7687683105469,-293.7687683105469,,,,
167,29399,293.7569580078125,-293.7569580078125,,,,
168,29574,293.4540100097656,-293.4540100097656,,,,
169,29749,,,3.8804242610931396,284.10162353515625,-284.10162353515625,284.10162353515625
169,29749,293.75933837890625,-293.75933837890625,,,,
170,29924,293.7769775390625,-293.7769775390625,,,,
171,30099,293.7953186035156,-293.7953186035156,,,,
172,30274,293.9586486816406,-293.9586486816406,,,,
173,30449,294.26708984375,-294.26708984375,,,,
174,30624,294.0268249511719,-294.0268249511719,,,,
175,30799,294.5868225097656,-294.5868225097656,,,,
176,30974,294.4409484863281,-294.4409484863281,,,,
177,31149,294.523681640625,-294.523681640625,,,,
178,31324,294.7058410644531,-294.7058410644531,,,,
179,31499,,,3.863440990447998,284.67816162109375,-284.67816162109375,284.67816162109375
179,31499,294.7293395996094,-294.7293395996094,,,,
180,31674,294.7324523925781,-294.7324523925781,,,,
181,31849,294.7481994628906,-294.7481994628906,,,,
182,32024,294.9412536621094,-294.9412536621094,,,,
183,32199,294.8930969238281,-294.8930969238281,,,,
184,32374,294.7982482910156,-294.7982482910156,,,,
185,32549,295.1799011230469,-295.1799011230469,,,,
186,32724,295.0400085449219,-295.0400085449219,,,,
187,32899,294.8206787109375,-294.8206787109375,,,,
188,33074,294.8623962402344,-294.8623962402344,,,,
189,33249,,,3.8658101558685303,284.8376159667969,-284.8376159667969,284.8376159667969
189,33249,295.0531921386719,-295.0531921386719,,,,
190,33424,295.61798095703125,-295.61798095703125,,,,
191,33599,295.10577392578125,-295.10577392578125,,,,
192,33774,295.01641845703125,-295.01641845703125,,,,
193,33949,295.10675048828125,-295.10675048828125,,,,
194,34124,294.9641418457031,-294.9641418457031,,,,
195,34299,295.576171875,-295.576171875,,,,
196,34474,295.2149963378906,-295.2149963378906,,,,
197,34649,295.3565368652344,-295.3565368652344,,,,
198,34824,294.95465087890625,-294.95465087890625,,,,
199,34999,,,3.861854314804077,285.021728515625,-285.021728515625,285.021728515625
199,34999,295.33251953125,-295.33251953125,,,,
